time,contact_index,geom1,geom2,pos_x,pos_y,pos_z,force_cx,force_cy,force_cz,torque_cx,torque_cy,torque_cz,normal_x,normal_y,normal_z,tangent1_x,tangent1_y,tangent1_z,tangent2_x,tangent2_y,tangent2_z
0.002,0,ground,-1,-0.05,-0.1,-0.004999999999999994,1.091240063592674,2.946289162605616e-14,4.951497730238526e-14,0.0,0.0,0.0,0.0,0.0,1.0,0.0,1.0,0.0,-1.0,0.0,0.0
0.002,1,ground,-1,-0.05,-0.08000000000000002,-0.004999999999999994,1.0912400635927078,1.8650912231052763e-14,2.446045238020326e-14,0.0,0.0,0.0,0.0,0.0,1.0,0.0,1.0,0.0,-1.0,0.0,0.0
0.002,2,ground,-1,-0.05,-0.06,-0.004999999999999994,1.0912400635927415,7.838932836049346e-15,-5.940725419787807e-16,0.0,0.0,0.0,0.0,0.0,1.0,0.0,1.0,0.0,-1.0,0.0,0.0
0.002,3,ground,-1,-0.049999999999999996,-0.039999999999999994,-0.004999999999999994,1.091240063592809,-2.973046558954047e-15,-2.5648597464160774e-14,0.0,0.0,0.0,0.0,0.0,1.0,0.0,1.0,0.0,-1.0,0.0,0.0
0.002,4,ground,-1,-0.05,-0.019999999999999987,-0.004999999999999994,1.091240063592809,-1.3785025953957455e-14,-5.070312238634279e-14,0.0,0.0,0.0,0.0,0.0,1.0,0.0,1.0,0.0,-1.0,0.0,0.0
0.002,5,ground,-1,-0.05,2.7755575615628915e-18,-0.004999999999999994,1.0912400635928428,-2.4597005348960857e-14,-7.575764730852481e-14,0.0,0.0,0.0,0.0,0.0,1.0,0.0,1.0,0.0,-1.0,0.0,0.0
0.002,6,ground,-1,-0.05,0.019999999999999993,-0.004999999999999994,1.0912400635928765,-3.540898474396426e-14,-1.008121722307068e-13,0.0,0.0,0.0,0.0,0.0,1.0,0.0,1.0,0.0,-1.0,0.0,0.0
0.002,7,ground,-1,-0.05,0.039999999999999994,-0.004999999999999994,1.0912400635929103,-4.6220964138967656e-14,-1.2586669715288882e-13,0.0,0.0,0.0,0.0,0.0,1.0,0.0,1.0,0.0,-1.0,0.0,0.0
0.002,8,ground,-1,-0.05,0.060000000000000026,-0.004999999999999994,1.091240063592944,-5.703294353397108e-14,-1.5092122207507088e-13,0.0,0.0,0.0,0.0,0.0,1.0,0.0,1.0,0.0,-1.0,0.0,0.0
0.002,9,ground,-1,-0.05,0.08000000000000002,-0.004999999999999994,1.0912400635929778,-6.784492292897448e-14,-1.7597574699725286e-13,0.0,0.0,0.0,0.0,0.0,1.0,0.0,1.0,0.0,-1.0,0.0,0.0
0.002,10,ground,-1,-0.05,0.1,-0.004999999999999994,1.0912400635930115,-7.865690232397788e-14,-2.0103027191943486e-13,0.0,0.0,0.0,0.0,0.0,1.0,0.0,1.0,0.0,-1.0,0.0,0.0
0.002,11,ground,-1,-0.030000000000000006,-0.10000000000000002,-0.004999999999999994,1.0912400635927415,1.7674441948888576e-14,4.570569046917073e-15,0.0,0.0,0.0,0.0,0.0,1.0,0.0,1.0,0.0,-1.0,0.0,0.0
0.002,12,ground,-1,-0.03,-0.08000000000000002,-0.004999999999999994,1.0912400635927415,9.810330062190463e-15,-9.42945271912008e-15,0.0,0.0,0.0,0.0,0.0,1.0,0.0,1.0,0.0,-1.0,0.0,0.0
0.002,13,ground,-1,-0.030000000000000006,-0.06,-0.004999999999999994,1.0912400635927753,1.946218175492351e-15,-2.3429474485157252e-14,0.0,0.0,0.0,0.0,0.0,1.0,0.0,1.0,0.0,-1.0,0.0,0.0
0.002,14,ground,-1,-0.029999999999999995,-0.039999999999999994,-0.004999999999999994,1.0912400635928765,-5.917893711205755e-15,-3.74294962511944e-14,0.0,0.0,0.0,0.0,0.0,1.0,0.0,1.0,0.0,-1.0,0.0,0.0
0.002,15,ground,-1,-0.03000000000000001,-0.01999999999999999,-0.004999999999999994,1.0912400635928765,-1.3782005597903868e-14,-5.142951801723156e-14,0.0,0.0,0.0,0.0,0.0,1.0,0.0,1.0,0.0,-1.0,0.0,0.0
0.002,16,ground,-1,-0.030000000000000002,2.2898349882893855e-18,-0.004999999999999994,1.0912400635928765,-2.1646117484601968e-14,-6.542953978326872e-14,0.0,0.0,0.0,0.0,0.0,1.0,0.0,1.0,0.0,-1.0,0.0,0.0
0.002,17,ground,-1,-0.030000000000000006,0.019999999999999997,-0.004999999999999994,1.091240063592944,-2.951022937130009e-14,-7.942956154930588e-14,0.0,0.0,0.0,0.0,0.0,1.0,0.0,1.0,0.0,-1.0,0.0,0.0
0.002,18,ground,-1,-0.03,0.03999999999999998,-0.004999999999999994,1.0912400635929778,-3.737434125799818e-14,-9.342958331534301e-14,0.0,0.0,0.0,0.0,0.0,1.0,0.0,1.0,0.0,-1.0,0.0,0.0
0.002,19,ground,-1,-0.030000000000000006,0.060000000000000026,-0.004999999999999994,1.091240063592944,-4.5238453144696306e-14,-1.074296050813802e-13,0.0,0.0,0.0,0.0,0.0,1.0,0.0,1.0,0.0,-1.0,0.0,0.0
0.002,20,ground,-1,-0.03,0.08000000000000002,-0.004999999999999994,1.0912400635930115,-5.310256503139442e-14,-1.2142962684741735e-13,0.0,0.0,0.0,0.0,0.0,1.0,0.0,1.0,0.0,-1.0,0.0,0.0
0.002,21,ground,-1,-0.030000000000000006,0.10000000000000002,-0.004999999999999994,1.0912400635930115,-6.096667691809252e-14,-1.354296486134545e-13,0.0,0.0,0.0,0.0,0.0,1.0,0.0,1.0,0.0,-1.0,0.0,0.0
0.002,22,ground,-1,-0.009999999999999992,-0.1,-0.004999999999999994,1.0912400635928765,5.88599227172098e-15,-4.037383920855112e-14,0.0,0.0,0.0,0.0,0.0,1.0,0.0,1.0,0.0,-1.0,0.0,0.0
0.002,23,ground,-1,-0.009999999999999998,-0.08000000000000002,-0.004999999999999994,1.0912400635928765,9.697478933281677e-16,-4.331935781844342e-14,0.0,0.0,0.0,0.0,0.0,1.0,0.0,1.0,0.0,-1.0,0.0,0.0
0.002,24,ground,-1,-0.009999999999999995,-0.059999999999999984,-0.004999999999999994,1.0912400635928765,-3.946496485064652e-15,-4.626487642833572e-14,0.0,0.0,0.0,0.0,0.0,1.0,0.0,1.0,0.0,-1.0,0.0,0.0
0.002,25,ground,-1,-0.01,-0.04000000000000001,-0.004999999999999994,1.0912400635929105,-8.862740863457462e-15,-4.921039503822802e-14,0.0,0.0,0.0,0.0,0.0,1.0,0.0,1.0,0.0,-1.0,0.0,0.0
0.002,26,ground,-1,-0.009999999999999997,-0.019999999999999993,-0.004999999999999994,1.091240063592944,-1.3778985241850275e-14,-5.215591364812031e-14,0.0,0.0,0.0,0.0,0.0,1.0,0.0,1.0,0.0,-1.0,0.0,0.0
0.002,27,ground,-1,-0.009999999999999995,1.1102230246251568e-18,-0.004999999999999994,1.0912400635929778,-1.8695229620243088e-14,-5.510143225801261e-14,0.0,0.0,0.0,0.0,0.0,1.0,0.0,1.0,0.0,-1.0,0.0,0.0
0.002,28,ground,-1,-0.009999999999999998,0.019999999999999993,-0.004999999999999994,1.0912400635929778,-2.36114739986359e-14,-5.804695086790492e-14,0.0,0.0,0.0,0.0,0.0,1.0,0.0,1.0,0.0,-1.0,0.0,0.0
0.002,29,ground,-1,-0.010000000000000002,0.039999999999999994,-0.004999999999999994,1.0912400635930115,-2.852771837702872e-14,-6.099246947779721e-14,0.0,0.0,0.0,0.0,0.0,1.0,0.0,1.0,0.0,-1.0,0.0,0.0
0.002,30,ground,-1,-0.009999999999999993,0.06000000000000001,-0.004999999999999994,1.0912400635930453,-3.3443962755421534e-14,-6.393798808768951e-14,0.0,0.0,0.0,0.0,0.0,1.0,0.0,1.0,0.0,-1.0,0.0,0.0
0.002,31,ground,-1,-0.01,0.08000000000000002,-0.004999999999999994,1.0912400635930453,-3.8360207133814356e-14,-6.688350669758182e-14,0.0,0.0,0.0,0.0,0.0,1.0,0.0,1.0,0.0,-1.0,0.0,0.0
0.002,32,ground,-1,-0.009999999999999993,0.1,-0.004999999999999994,1.091240063593079,-4.3276451512207153e-14,-6.982902530747411e-14,0.0,0.0,0.0,0.0,0.0,1.0,0.0,1.0,0.0,-1.0,0.0,0.0
0.002,33,ground,-1,0.009999999999999998,-0.1,-0.004999999999999994,1.091240063592944,-5.902457405446609e-15,-8.53182474640193e-14,0.0,0.0,0.0,0.0,0.0,1.0,0.0,1.0,0.0,-1.0,0.0,0.0
0.002,34,ground,-1,0.010000000000000004,-0.08000000000000002,-0.004999999999999994,1.091240063592944,-7.87083427553413e-15,-7.720926291776675e-14,0.0,0.0,0.0,0.0,0.0,1.0,0.0,1.0,0.0,-1.0,0.0,0.0
0.002,35,ground,-1,0.009999999999999997,-0.05999999999999999,-0.004999999999999994,1.0912400635929442,-9.839211145621649e-15,-6.91002783715142e-14,0.0,0.0,0.0,0.0,0.0,1.0,0.0,1.0,0.0,-1.0,0.0,0.0
0.002,36,ground,-1,0.010000000000000005,-0.039999999999999994,-0.004999999999999994,1.0912400635930115,-1.1807588015709167e-14,-6.099129382526164e-14,0.0,0.0,0.0,0.0,0.0,1.0,0.0,1.0,0.0,-1.0,0.0,0.0
0.002,37,ground,-1,0.009999999999999995,-0.01999999999999999,-0.004999999999999994,1.0912400635930115,-1.3775964885796687e-14,-5.2882309279009095e-14,0.0,0.0,0.0,0.0,0.0,1.0,0.0,1.0,0.0,-1.0,0.0,0.0
0.002,38,ground,-1,0.009999999999999995,1.6653345369377347e-18,-0.004999999999999994,1.0912400635930115,-1.5744341755884205e-14,-4.477332473275653e-14,0.0,0.0,0.0,0.0,0.0,1.0,0.0,1.0,0.0,-1.0,0.0,0.0
0.002,39,ground,-1,0.009999999999999997,0.02,-0.004999999999999994,1.0912400635930453,-1.7712718625971725e-14,-3.666434018650397e-14,0.0,0.0,0.0,0.0,0.0,1.0,0.0,1.0,0.0,-1.0,0.0,0.0
0.002,40,ground,-1,0.010000000000000004,0.039999999999999994,-0.004999999999999994,1.091240063593079,-1.9681095496059242e-14,-2.855535564025141e-14,0.0,0.0,0.0,0.0,0.0,1.0,0.0,1.0,0.0,-1.0,0.0,0.0
0.002,41,ground,-1,0.009999999999999997,0.06000000000000001,-0.004999999999999994,1.091240063593079,-2.1649472366146765e-14,-2.0446371093998868e-14,0.0,0.0,0.0,0.0,0.0,1.0,0.0,1.0,0.0,-1.0,0.0,0.0
0.002,42,ground,-1,0.010000000000000004,0.08000000000000002,-0.004999999999999994,1.091240063593079,-2.3617849236234284e-14,-1.233738654774631e-14,0.0,0.0,0.0,0.0,0.0,1.0,0.0,1.0,0.0,-1.0,0.0,0.0
0.002,43,ground,-1,0.009999999999999997,0.1,-0.004999999999999994,1.0912400635931128,-2.55862261063218e-14,-4.2284020014937644e-15,0.0,0.0,0.0,0.0,0.0,1.0,0.0,1.0,0.0,-1.0,0.0,0.0
0.002,44,ground,-1,0.030000000000000016,-0.1,-0.004999999999999994,1.0912400635930453,-1.7690907082614202e-14,-1.3026265571948752e-13,0.0,0.0,0.0,0.0,0.0,1.0,0.0,1.0,0.0,-1.0,0.0,0.0
0.002,45,ground,-1,0.03000000000000001,-0.08000000000000002,-0.004999999999999994,1.0912400635930453,-1.671141644439643e-14,-1.1109916801709008e-13,0.0,0.0,0.0,0.0,0.0,1.0,0.0,1.0,0.0,-1.0,0.0,0.0
0.002,46,ground,-1,0.03000000000000001,-0.05999999999999999,-0.004999999999999994,1.0912400635930115,-1.5731925806178652e-14,-9.193568031469265e-14,0.0,0.0,0.0,0.0,0.0,1.0,0.0,1.0,0.0,-1.0,0.0,0.0
0.002,47,ground,-1,0.03,-0.03999999999999999,-0.004999999999999994,1.0912400635930792,-1.4752435167960872e-14,-7.277219261229527e-14,0.0,0.0,0.0,0.0,0.0,1.0,0.0,1.0,0.0,-1.0,0.0,0.0
0.002,48,ground,-1,0.030000000000000006,-0.019999999999999987,-0.004999999999999994,1.091240063593079,-1.3772944529743097e-14,-5.360870490989784e-14,0.0,0.0,0.0,0.0,0.0,1.0,0.0,1.0,0.0,-1.0,0.0,0.0
0.002,49,ground,-1,0.030000000000000013,2.2204460492503135e-18,-0.004999999999999994,1.091240063593079,-1.279345389152532e-14,-3.444521720750043e-14,0.0,0.0,0.0,0.0,0.0,1.0,0.0,1.0,0.0,-1.0,0.0,0.0
0.002,50,ground,-1,0.030000000000000006,0.019999999999999993,-0.004999999999999994,1.091240063593079,-1.1813963253307546e-14,-1.5281729505103028e-14,0.0,0.0,0.0,0.0,0.0,1.0,0.0,1.0,0.0,-1.0,0.0,0.0
0.002,51,ground,-1,0.030000000000000002,0.03999999999999998,-0.004999999999999994,1.0912400635931465,-1.0834472615089767e-14,3.88175819729437e-15,0.0,0.0,0.0,0.0,0.0,1.0,0.0,1.0,0.0,-1.0,0.0,0.0
0.002,52,ground,-1,0.030000000000000013,0.060000000000000026,-0.004999999999999994,1.0912400635931128,-9.854981976871992e-15,2.304524589969182e-14,0.0,0.0,0.0,0.0,0.0,1.0,0.0,1.0,0.0,-1.0,0.0,0.0
0.002,53,ground,-1,0.03000000000000001,0.08000000000000002,-0.004999999999999994,1.0912400635931465,-8.875491338654216e-15,4.220873360208923e-14,0.0,0.0,0.0,0.0,0.0,1.0,0.0,1.0,0.0,-1.0,0.0,0.0
0.002,54,ground,-1,0.030000000000000013,0.1,-0.004999999999999994,1.0912400635931465,-7.89600070043644e-15,6.137222130448666e-14,0.0,0.0,0.0,0.0,0.0,1.0,0.0,1.0,0.0,-1.0,0.0,0.0
0.002,55,ground,-1,0.05,-0.1,-0.004999999999999994,1.0912400635931128,-2.9479356759781795e-14,-1.7520706397495566e-13,0.0,0.0,0.0,0.0,0.0,1.0,0.0,1.0,0.0,-1.0,0.0,0.0
0.002,56,ground,-1,0.05,-0.08000000000000002,-0.004999999999999994,1.0912400635931128,-2.555199861325872e-14,-1.4498907311641343e-13,0.0,0.0,0.0,0.0,0.0,1.0,0.0,1.0,0.0,-1.0,0.0,0.0
0.002,57,ground,-1,0.05,-0.06,-0.004999999999999994,1.0912400635931128,-2.1624640466735642e-14,-1.1477108225787113e-13,0.0,0.0,0.0,0.0,0.0,1.0,0.0,1.0,0.0,-1.0,0.0,0.0
0.002,58,ground,-1,0.049999999999999996,-0.039999999999999994,-0.004999999999999994,1.0912400635931465,-1.769728232021258e-14,-8.455309139932887e-14,0.0,0.0,0.0,0.0,0.0,1.0,0.0,1.0,0.0,-1.0,0.0,0.0
0.002,59,ground,-1,0.05,-0.019999999999999987,-0.004999999999999994,1.0912400635931465,-1.3769924173689509e-14,-5.4335100540786596e-14,0.0,0.0,0.0,0.0,0.0,1.0,0.0,1.0,0.0,-1.0,0.0,0.0
0.002,60,ground,-1,0.05,2.7755575615628915e-18,-0.004999999999999994,1.0912400635931465,-9.842566027166438e-15,-2.411710968224434e-14,0.0,0.0,0.0,0.0,0.0,1.0,0.0,1.0,0.0,-1.0,0.0,0.0
0.002,61,ground,-1,0.05,0.019999999999999993,-0.004999999999999994,1.0912400635931465,-5.915207880643369e-15,6.100881176297915e-15,0.0,0.0,0.0,0.0,0.0,1.0,0.0,1.0,0.0,-1.0,0.0,0.0
0.002,62,ground,-1,0.05,0.039999999999999994,-0.004999999999999994,1.0912400635931465,-1.987849734120298e-15,3.631887203484017e-14,0.0,0.0,0.0,0.0,0.0,1.0,0.0,1.0,0.0,-1.0,0.0,0.0
0.002,63,ground,-1,0.05,0.060000000000000026,-0.004999999999999994,1.0912400635931465,1.939508412402775e-15,6.653686289338249e-14,0.0,0.0,0.0,0.0,0.0,1.0,0.0,1.0,0.0,-1.0,0.0,0.0
0.002,64,ground,-1,0.05,0.08000000000000002,-0.004999999999999994,1.0912400635931803,5.866866558925844e-15,9.675485375192473e-14,0.0,0.0,0.0,0.0,0.0,1.0,0.0,1.0,0.0,-1.0,0.0,0.0
0.002,65,ground,-1,0.05,0.1,-0.004999999999999994,1.0912400635931803,9.794224705448916e-15,1.26972844610467e-13,0.0,0.0,0.0,0.0,0.0,1.0,0.0,1.0,0.0,-1.0,0.0,0.0
5.003999999999671,0,2,-1,0.05655118325450685,-0.08216277672596767,0.18230874950725945,0.694762640935364,0.04914411838115857,-0.06540943837127729,0.0,0.0,0.0,-0.9999997625330987,9.917739815533954e-09,-0.0006891543703668577,9.917737460399013e-09,1.0,6.834853738036619e-12,0.0006891543703668578,8.077935669463161e-28,-0.9999997625330989
5.003999999999671,1,2,-1,0.05655137048107408,-0.08625020697125164,0.182308749469909,0.725177884838412,0.05534313440807235,-0.19563804844295007,0.0,0.0,0.0,-0.9999997664864568,-9.250937420681613e-07,-0.0006833931345657754,-9.250935260466396e-07,0.9999999999995721,-6.322027121594142e-10,0.0006833931345660678,0.0,-0.9999997664868847
5.003999999999671,2,2,-1,0.05655046350549165,-0.08381221219624811,0.18496187315380597,1.3846846278140987,0.09607485722883781,-0.1839927736175194,0.0,0.0,0.0,-0.9999999999997423,-7.180556555230199e-07,3.803843211600428e-09,-7.180556555230199e-07,0.9999999999997422,2.731371130813239e-15,-3.803843211601409e-09,3.944304526105059e-31,-1.0000000000000002
5.003999999999671,3,2,-1,0.056549638091097844,-0.09999998175639874,0.18765997999299444,1.4824097264260498,0.11755575875081058,-0.08831160558307315,0.0,0.0,0.0,-0.9999997741805,-0.0006720408837004479,1.9891457037026016e-09,-0.0006720408837004482,0.9999997741804999,1.3367875383979397e-12,-1.989146152890592e-09,0.0,-1.0000000000000002
5.003999999999671,4,2,-1,0.05654365364405012,-0.09999999991218805,0.2054073152241796,1.232020311870691,0.10668795681646621,0.18057719305209127,0.0,0.0,0.0,-0.9999999999913909,-4.149490151796915e-06,2.3483648266251496e-09,-4.149490151796915e-06,0.9999999999913909,9.74451672099122e-15,-2.3483648266453667e-09,0.0,-1.0
5.003999999999671,5,2,-1,0.05654278242808894,-0.0999999860459746,0.20797571891283712,1.108228344113159,0.10346516678109419,0.07415574660778003,0.0,0.0,0.0,-0.9999997635342551,-0.0006876986841764166,-1.3977219033665208e-06,-0.0006876986841757447,0.9999997635352319,-9.612117410824243e-10,1.3977222338785846e-06,-2.0679515313825692e-25,-0.9999999999990232
5.003999999999671,6,2,-1,0.05653678074092332,-0.09959021000831328,0.2258006232667596,0.8206505268108506,0.09215811204977227,0.29940233715894854,0.0,0.0,0.0,-0.9999999999999983,-3.1636602207308355e-08,4.924896656373542e-08,-3.163660220730832e-08,0.9999999999999997,1.5580699642979285e-15,-4.9248966563735455e-08,1.9721522630525295e-31,-0.999999999999999
5.003999999999671,7,2,-1,0.0565359428875143,-0.09999999105280724,0.22829959240380845,0.7331445747221272,0.08935825141457215,0.2513741071547607,0.0,0.0,0.0,-0.9999997787866239,-0.0006651516392088299,2.7690871684961133e-09,-0.0006651516392088299,0.9999997787866238,1.8418632766821205e-12,-2.7690877810553696e-09,-4.0389678347315804e-28,-0.9999999999999999
5.003999999999671,8,2,-1,0.05652991782346006,-0.0836103688077249,0.24614513447114644,0.35866492278379786,0.06322597157661701,0.24867130979349122,0.0,0.0,0.0,-0.9999999999998818,2.6236419740987237e-07,4.0944971899933465e-07,2.623641974098504e-07,0.9999999999999656,-1.074249469049619e-13,-4.0944971899934873e-07,1.262177448353619e-29,-0.9999999999999162
5.003999999999671,9,2,-1,0.05652908289721798,-0.09999999557040165,0.2486092503138072,0.3639233653060216,0.060804046794348955,0.35880786461432346,0.0,0.0,0.0,-0.9999997741875507,-0.0006720303918754953,4.128786284184672e-09,-0.0006720303918754952,0.9999997741875506,2.7746704910859348e-12,-4.128787216516226e-09,4.0389678347315804e-28,-0.9999999999999999
5.003999999999671,10,2,-1,0.05652308595838383,-0.08354363636034162,0.26654694444541027,0.05618238889907453,0.006966442697472721,0.05574880714911918,0.0,0.0,0.0,-0.9999999999998332,5.776752347984141e-07,3.128437022369006e-09,5.776752347984143e-07,0.9999999999998332,-1.8072205914493687e-15,-3.1284370223695283e-09,0.0,-1.0000000000000002
5.003999999999671,11,2,-1,0.05655125992738333,-0.06426273597994937,0.1823087493252062,0.704642986272442,0.036707674073483076,-0.16316357036184784,0.0,0.0,0.0,-0.9999997681266796,1.679995460666801e-08,-0.0006809894176075859,1.6799950711206756e-08,0.9999999999999999,1.144059130342873e-11,0.000680989417607586,0.0,-0.9999997681266798
5.003999999999671,12,2,-1,0.056551219056175606,-0.06763975265631259,0.18230874945065956,0.755717763014811,0.04486158998781574,-0.3643523973427213,0.0,0.0,0.0,-0.9999997644783728,-9.011789424439958e-07,-0.0006863252776681596,-9.01178730197231e-07,0.999999999999594,-6.185018879018251e-10,0.0006863252776684384,0.0,-0.9999997644787789
5.003999999999671,13,2,-1,0.05655039357404354,-0.06520750813430344,0.18490134550325232,1.3698868874668575,0.07172625090306432,-0.41747745386545027,0.0,0.0,0.0,-0.9999999999997379,-7.241193318011844e-07,4.965298186713904e-09,-7.241193318011844e-07,0.9999999999997379,3.5954684051578474e-15,-4.965298186715206e-09,0.0,-1.0
5.003999999999671,14,2,-1,0.05655045952396269,-0.08216025477524283,0.18495470729838948,1.715042295381539,0.09917833965202012,0.279100121938562,0.0,0.0,0.0,-1.0,-1.0717974450756167e-10,-4.962025208683411e-13,-1.0717974450756167e-10,1.0,-5.318285941067684e-23,4.962025208683411e-13,0.0,-1.0
5.003999999999671,15,2,-1,0.05654356333997353,-0.06515409270501585,0.20529890741709844,1.0299084848700615,0.06444681033962062,-0.3006631585488404,0.0,0.0,0.0,-0.9999999999979947,1.4712644381424923e-06,-1.3586749816663176e-06,1.4712644381411347e-06,0.9999999999989179,1.9989701835217193e-12,1.3586749816677885e-06,-8.077935669463161e-28,-0.9999999999990772
5.003999999999671,16,2,-1,0.05654361487974237,-0.0820855618344363,0.205351762199816,1.291390826550395,0.08805438657513115,0.42536263230346605,0.0,0.0,0.0,-0.9999999999968968,2.072817839498265e-06,-1.3819810498099687e-06,2.0728178394962854e-06,0.9999999999978517,2.864594973900797e-12,1.3819810498129376e-06,0.0,-0.9999999999990451
5.003999999999671,17,2,-1,0.05653677480227034,-0.0809898775082278,0.2257452372410229,0.8563943396021542,0.07367669068388503,0.4584174997885696,0.0,0.0,0.0,-0.9999999999999983,-3.3272832839850964e-08,4.782174213884142e-08,-3.327283283985093e-08,0.9999999999999996,1.5911648322961285e-15,-4.782174213884145e-08,0.0,-0.999999999999999
5.003999999999671,18,2,-1,0.056536775291118405,-0.08200775323123446,0.22574823304533578,0.8697369248127309,0.07700702493685702,0.5964393565913574,0.0,0.0,0.0,-1.0,-1.3504936431936765e-10,1.086224383518367e-08,-1.3504936431936765e-10,1.0,1.4669391250235247e-18,-1.086224383518367e-08,0.0,-1.0
5.003999999999671,19,2,-1,0.05652996224675573,-0.061417978866444775,0.2460868267349121,0.3614438969950073,0.04862081743030112,0.2502742352949545,0.0,0.0,0.0,-1.0,-1.5418290234891462e-10,6.093011080776385e-09,-1.5418290234891462e-10,1.0,9.394381324782002e-19,-6.093011080776385e-09,0.0,-1.0
5.003999999999671,20,2,-1,0.05652993334464952,-0.08193204645000338,0.24614515419980632,0.48055308621769294,0.040082645013990656,0.4788785339123396,0.0,0.0,0.0,-1.0,-1.1748491206651303e-10,6.0122437540069525e-09,-1.1748491206651303e-10,1.0,7.06347928761949e-19,-6.0122437540069525e-09,0.0,-1.0
5.003999999999671,21,2,-1,0.056523119054898,-0.06492771915112416,0.2664869430899137,0.03638319860319798,0.007537554926496658,0.035593853490873864,0.0,0.0,0.0,-0.9999999999996481,5.854338750989791e-07,6.01002983895809e-07,5.854338750988734e-07,0.9999999999998287,-3.518475058082331e-13,-6.01002983895912e-07,5.048709793414476e-29,-0.9999999999998195
5.003999999999671,22,2,-1,0.05652309145413982,-0.08185794472225026,0.26654196647404926,0.11805526574654862,0.006532973355076683,0.11787436544741217,0.0,0.0,0.0,-1.0,-5.135453208549819e-09,3.4699008165877155e-09,-5.135453208549819e-09,1.0,1.781951328189502e-17,-3.4699008165877155e-09,0.0,-1.0
5.003999999999671,23,2,-1,0.0565511551941771,-0.04368448430223714,0.18230874915600884,0.7019355439370744,0.022828708553412583,-0.20289779632929003,0.0,0.0,0.0,-0.9999997704461604,2.4903955312230434e-08,-0.0006775748118840258,2.490394959543188e-08,0.9999999999999998,1.687429283585273e-11,0.0006775748118840262,0.0,-0.9999997704461608
5.003999999999671,24,2,-1,0.056551112309500606,-0.04898386067773163,0.18230874931365282,0.8002195383472003,0.032972604585770636,-0.5382871616266404,0.0,0.0,0.0,-0.9999997660044646,-9.006103132323111e-07,-0.0006840980961115112,-9.006101024938841e-07,0.9999999999995945,-6.161058006208657e-10,0.0006840980961117887,0.0,-0.9999997660048703
5.003999999999671,25,2,-1,0.05655032652406297,-0.04661112079888753,0.18483920176986424,1.3516887352297047,0.04713242722015477,-0.6817618276964926,0.0,0.0,0.0,-0.999999999999758,-6.95862957436753e-07,-3.141012756143509e-11,-6.958629574367531e-07,0.999999999999758,-2.1857144258371182e-17,3.14101275614427e-11,0.0,-1.0000000000000002
5.003999999999671,26,2,-1,0.05655038168707364,-0.06164863166144954,0.18488783089690475,1.711588398683197,0.06991043493053134,0.1722811560725418,0.0,0.0,0.0,-0.9999999999996397,1.5325690117375705e-10,8.489138597938309e-07,1.5325690117370184e-10,1.0,-1.301019075154558e-16,-8.489138597938309e-07,0.0,-0.9999999999996397
5.003999999999671,27,2,-1,0.05654354557796433,-0.04654176012491494,0.20524102806451794,1.0177503502752925,0.043603933480222894,-0.5752295796890432,0.0,0.0,0.0,-0.9999999999999292,-3.7648081846568526e-07,-2.9661779536497775e-11,-3.764808184656853e-07,0.9999999999999293,-1.1167091037050191e-17,2.966177953649988e-11,-1.5407439555097887e-33,-1.0000000000000002
5.003999999999671,28,2,-1,0.05654356355433309,-0.06157531639783369,0.20528274790083456,1.2895883118626303,0.06338131049746125,0.30607073195205253,0.0,0.0,0.0,-0.9999999999994128,1.4060861066511539e-10,1.0837097484022952e-06,1.4060861066503282e-10,1.0,-1.5237892208708848e-16,-1.0837097484022952e-06,0.0,-0.9999999999994128
5.003999999999671,29,2,-1,0.05653676460733643,-0.046471961470953484,0.2256427909203896,0.6844135381424433,0.04011721250809126,-0.42246632746769736,0.0,0.0,0.0,-0.9999999999999983,-5.7336364055970595e-08,0.0,-5.73363640559706e-08,0.9999999999999984,0.0,-0.0,0.0,-1.0
5.003999999999671,30,2,-1,0.056536769227020806,-0.06149528372596077,0.22568759482132328,0.8701608808781564,0.05690315162461849,0.47935491281771514,0.0,0.0,0.0,-1.0,-9.574109521506666e-11,-9.525509980788358e-11,-9.574109521506666e-11,1.0,-9.11982758042726e-21,9.525509980788358e-11,0.0,-1.0
5.003999999999671,31,2,-1,0.05652998361536968,-0.046402865934964156,0.24604450987471765,0.35220469129952753,0.036662089720077486,-0.2351488323298242,0.0,0.0,0.0,-0.9999999999999657,2.622107914806257e-07,-5.5569812580886005e-12,2.622107914806257e-07,0.9999999999999657,1.457100453926465e-18,5.556981258088792e-12,0.0,-1.0000000000000002
5.003999999999671,32,2,-1,0.05652996244948802,-0.061419179074464744,0.24608724135276938,0.47303556995275997,0.034736065610763235,0.47175847229956264,0.0,0.0,0.0,-1.0,-1.0588177047488698e-10,-9.845147079243877e-11,-1.0588177047488698e-10,1.0,-1.042421603336004e-20,9.845147079243877e-11,0.0,-1.0
5.003999999999671,33,2,-1,0.056523219595428886,-0.04082728455501266,0.266430916693172,0.05831432228054588,0.005054648626264906,0.05809484237266135,0.0,0.0,0.0,-1.0,-1.2389813030256845e-10,4.6509451990502615e-09,-1.2389813030256845e-10,1.0,5.762434143020344e-19,-4.6509451990502615e-09,0.0,-1.0
5.003999999999671,34,2,-1,0.056523124361196456,-0.061358369697628604,0.2664869617518155,0.11215299192101452,0.00544186706232867,0.11202088947919979,0.0,0.0,0.0,-0.9999999999986919,1.6174524283397765e-06,1.0964887116572051e-09,1.6174524283397765e-06,0.9999999999986919,-1.7735183293194193e-15,-1.0964887116586395e-09,0.0,-1.0
5.003999999999671,35,2,-1,0.056551050787944944,-0.023103083016929173,0.18230874898195562,0.699423861923784,0.009033189565214005,-0.23965151870267828,0.0,0.0,0.0,-0.9999997728906732,2.5551023478646535e-08,-0.0006739574182494867,2.5551017675770804e-08,0.9999999999999998,1.7220301817300644e-11,0.000673957418249487,0.0,-0.9999997728906737
5.003999999999671,36,2,-1,0.056551003988839346,-0.030328265219169284,0.1823087491815889,0.8600216837582365,0.01904263503134503,-0.6963778730367114,0.0,0.0,0.0,-0.9999997673930756,-9.007357970808759e-07,-0.0006820652342287586,-9.007355875638579e-07,0.9999999999995943,-6.143605724144445e-10,0.0006820652342290353,0.0,-0.9999997673934813
5.003999999999671,37,2,-1,0.05655025691808639,-0.028006660301280583,0.18477870321209255,1.3418950576381197,0.022518269743722674,-0.9189326237045722,0.0,0.0,0.0,-0.999999999999758,-6.958374402203636e-07,-3.548745741531739e-11,-6.958374402203637e-07,0.9999999999997581,-2.4693501527809597e-17,3.5487457415325994e-11,-3.0814879110195774e-33,-1.0000000000000002
5.003999999999671,38,2,-1,0.05655030410946667,-0.04113626528278776,0.18482124972612074,1.7089225747090793,0.040652100758919646,0.050132282496588125,0.0,0.0,0.0,-0.9999999999988227,1.6690722500541797e-10,1.5344577060290329e-06,1.6690722500522146e-10,1.0,-2.561120776014853e-16,-1.5344577060290329e-06,-4.930380657631324e-32,-0.9999999999988227
5.003999999999671,39,2,-1,0.056543507912137345,-0.02793695182463948,0.20518306268061387,1.0112807639257952,0.022761086941134386,-0.826860871152914,0.0,0.0,0.0,-0.9999999999999292,-3.764389269570392e-07,-3.6318259708059864e-11,-3.764389269570392e-07,0.9999999999999292,-1.3671606713450096e-17,3.6318259708062436e-11,0.0,-1.0
5.003999999999671,40,2,-1,0.05654353447317651,-0.04105814677213278,0.20522395976501298,1.2896471631451532,0.03870558868321054,0.16561728019336927,0.0,0.0,0.0,-1.0,-1.2431546792432945e-10,-2.7698937150248475e-11,-1.2431546792432945e-10,1.0,-3.443406332839731e-21,2.7698937150248475e-11,0.0,-1.0
5.003999999999671,41,2,-1,0.056536758881961455,-0.027867206517375617,0.2255874215309582,0.6803549629467673,0.023030468423436583,-0.6653530600037887,0.0,0.0,0.0,-0.9999999999999984,-5.705856657579765e-08,-3.307165011361391e-11,-5.705856657579766e-08,0.9999999999999986,-1.8870209497791286e-18,3.307165011361397e-11,0.0,-1.0000000000000002
5.003999999999671,42,2,-1,0.056536725176178804,-0.040994367444094806,0.2256182072040983,0.8689519446820253,0.03681156880907922,0.3478599216447231,0.0,0.0,0.0,-0.9999999999984819,1.5136859007848865e-10,1.7424976840443368e-06,1.5136859007825885e-10,1.0,-2.6375941764882307e-16,-1.7424976840443368e-06,-4.930380657631324e-32,-0.9999999999984819
5.003999999999671,43,2,-1,0.05653001539772907,-0.02384815309136161,0.2459802256435092,0.3602944087370974,0.022112310559276024,-0.1358529697398318,0.0,0.0,0.0,-0.9999999999999505,2.6207498120984424e-07,-1.7475738690286452e-07,2.6207498120984027e-07,0.9999999999999657,4.579953888885128e-14,1.7475738690287053e-07,6.310887241768095e-30,-0.9999999999999849
5.003999999999671,44,2,-1,0.05652999135565295,-0.04090503842069117,0.24602907310415165,0.4650613529606189,0.028155614888448817,0.4642082758501993,0.0,0.0,0.0,-1.0,-7.910525704222371e-11,-2.2204984432904905e-11,-7.910525704222371e-11,1.0,-1.7565310011835185e-21,2.2204984432904905e-11,0.0,-1.0
5.003999999999671,45,2,-1,0.056523277050373535,-0.022512996038646482,0.266381736128534,0.043407972357762066,0.005146052844810147,0.04310185847884818,0.0,0.0,0.0,-0.999999999999756,5.814052158299688e-07,-3.876505893749787e-07,5.814052158299252e-07,0.9999999999998311,2.2538207458221223e-13,3.8765058937504425e-07,0.0,-0.9999999999999252
5.003999999999671,46,2,-1,0.05652321979547528,-0.04082843851412138,0.2664316452262344,0.10965407506558436,0.004416797074064333,0.10956508605434191,0.0,0.0,0.0,-1.0,-8.0988063257562e-11,0.0,-8.0988063257562e-11,1.0,0.0,-0.0,0.0,-1.0
5.003999999999671,47,2,-1,0.056550947578234104,-0.0025222270364371013,0.18230874880086395,0.696341233690729,-0.004675141936557091,-0.2537035946450769,0.0,0.0,0.0,-0.9999997755245481,-2.0677300932982052e-08,-0.0006700379488476397,-2.0677296291435584e-08,0.9999999999999998,-1.3854576304840685e-11,0.00067003794884764,-1.6155871338926322e-27,-0.9999997755245483
5.003999999999671,48,2,-1,0.05655089397972215,-0.011672981087849034,0.18230874905477462,0.935385210409732,0.0023959564723264153,-0.8044961522241574,0.0,0.0,0.0,-0.9999997686348938,-9.021318868230583e-07,-0.0006802421225323263,-9.021316781015857e-07,0.9999999999995932,-6.136681094968593e-10,0.0006802421225326032,-1.0339757656912846e-25,-0.9999997686353008
5.003999999999671,49,2,-1,0.056550187311970534,-0.009402180498172858,0.1847182048219925,1.348629627561028,-0.00234332863354991,-1.0648063691967167,0.0,0.0,0.0,-0.999999999999758,-6.958231351655742e-07,-3.7079884439589395e-11,-6.958231351655743e-07,0.9999999999997581,-2.5801041442338533e-17,3.707988443959838e-11,-3.0814879110195774e-33,-1.0000000000000002
5.003999999999671,50,2,-1,0.05655022929160568,-0.020622067065008014,0.1847546792317842,1.7066647340973404,0.011420151829316088,-0.061139701613898124,0.0,0.0,0.0,-1.0,-1.3452385244125145e-10,-3.001926972189712e-11,-1.3452385244125145e-10,1.0,-4.038307810462615e-21,3.001926972189712e-11,0.0,-1.0
5.003999999999671,51,2,-1,0.05654349294603701,-0.020545851035189695,0.20516003455124,1.2890845667641162,0.007002801548891697,0.0013554843045797415,0.0,0.0,0.0,-1.0,2.8315389814967845e-10,-2.7092905073831544e-11,2.8315389814967845e-10,1.0,7.671461683854603e-21,2.7092905073831544e-11,0.0,-1.0
5.003999999999671,52,2,-1,0.056543492948317564,-0.020545048471902458,0.20516003136761773,1.2895132786180035,0.014059841787547314,0.033489004031472855,0.0,0.0,0.0,-1.0,-1.1869664744935788e-10,-2.8414507113833755e-11,-1.1869664744935788e-10,1.0,-3.3727067333379967e-21,2.8414507113833755e-11,0.0,-1.0
5.003999999999671,53,2,-1,0.05653675315591189,-0.00926201015396531,0.2255319892993199,0.6969678023501364,0.004961532259106002,-0.6969501421984364,0.0,0.0,0.0,-0.9999999999999986,-5.702357699678391e-08,-3.8923445175554174e-11,-5.702357699678393e-08,0.9999999999999986,-2.2195540729483147e-18,3.8923445175554245e-11,0.0,-1.0000000000000004
5.003999999999671,54,2,-1,0.05653675660463382,-0.020468012827348368,0.22556538846677401,0.8720269730818538,0.01672026105614254,0.2250406789956557,0.0,0.0,0.0,-1.0,-1.1090499988855985e-10,-2.529412278160137e-11,-1.1090499988855985e-10,1.0,-2.805244684274719e-21,2.529412278160137e-11,0.0,-1.0
5.003999999999671,55,2,-1,0.05653003604301956,-0.009191765217961577,0.24593893545261525,0.3751562548097265,0.006313812664598145,-0.3751031208781084,0.0,0.0,0.0,-0.9999999999999657,2.622595000082619e-07,-2.943128091402834e-11,2.622595000082619e-07,0.9999999999999656,7.718633017116039e-18,2.9431280914029347e-11,0.0,-1.0
5.003999999999671,56,2,-1,0.056530020262721074,-0.020391602859277415,0.24597077013060753,0.45846353410708773,0.018468280420737306,0.45809140433352585,0.0,0.0,0.0,-1.0,1.0046042631141615e-10,-2.5806348043299562e-11,1.0046042631141615e-10,1.0,2.592516725970654e-21,2.5806348043299562e-11,0.0,-1.0
5.003999999999671,57,2,-1,0.05652331890345859,-0.009121670378362971,0.26634583281557234,0.05457827634038744,0.002168660965427032,-0.05453517358462086,0.0,0.0,0.0,-0.9999999999998309,5.81648709456464e-07,-3.354671729338636e-11,5.81648709456464e-07,0.9999999999998309,1.951240482020232e-17,3.3546717293392034e-11,0.0,-1.0000000000000002
5.003999999999671,58,2,-1,0.0565232839188639,-0.020314564699066215,0.2663761282655659,0.10686494190155926,0.0031487122852779633,0.10681854435709268,0.0,0.0,0.0,-1.0,1.072727485969416e-10,-3.502783627655236e-11,1.072727485969416e-10,1.0,3.7575322747894324e-21,3.502783627655236e-11,0.0,-1.0
5.003999999999671,59,2,-1,0.05655080338005663,0.01801558081018929,0.182308748685732,0.6910832580987684,-0.018308390577512566,-0.2314410171018891,0.0,0.0,0.0,-0.9999997759624313,-3.3478485585433227e-07,-0.000669384026713475,-3.347847808499659e-07,0.999999999999944,-2.2409963489447583e-10,0.0006693840267135127,0.0,-0.9999997759624875
5.003999999999671,60,2,-1,0.05655088928989489,0.009195588227621565,0.18230874837554872,0.918300547519635,-0.016510887541738812,-0.7924134331062764,0.0,0.0,0.0,-0.9999997845453381,-9.003625830461617e-07,-0.0006564361863217299,-9.003623890592109e-07,0.9999999999995948,-5.910305803218439e-10,0.0006564361863219961,0.0,-0.9999997845457436
5.003999999999671,61,2,-1,0.056550094849059776,0.009184664193818503,0.18465766429840347,1.3743392020573888,-0.027989651162775034,-1.0608232584801554,0.0,0.0,0.0,-0.9999999999979358,-3.549952150559515e-07,2.0006856913936688e-06,-3.549952150552411e-07,0.999999999999937,7.102338472757053e-13,-2.000685691393795e-06,1.0097419586828951e-28,-0.9999999999979988
5.003999999999671,62,2,-1,0.05655013310371179,-0.00012883018338132472,0.18468774903152124,1.7020774854078617,-0.017779564269287142,-0.10763630310905678,0.0,0.0,0.0,-0.9999999999998871,3.953625837249735e-07,-2.637197144472663e-07,3.953625837249598e-07,0.9999999999999218,1.0426490768309157e-13,2.637197144472869e-07,-1.262177448353619e-29,-0.9999999999999653
5.003999999999671,63,2,-1,0.05654338992105551,0.00926593307962336,0.20506495023255744,1.0364263078089337,-0.019945457950068385,-0.9843011401118146,0.0,0.0,0.0,-0.9999999999967895,-1.4581744943545503e-07,2.529812334915895e-06,-1.4581744943498845e-07,0.9999999999999893,3.688907822277929e-13,-2.5298123349159217e-06,0.0,-0.9999999999968001
5.003999999999671,64,2,-1,0.056543434445244865,-4.875499335655217e-05,0.20509586273722666,1.2872662225472038,-0.010550231076986497,-0.026438123463398272,0.0,0.0,0.0,-0.9999999999998843,4.0024912363807235e-07,-2.6696646720604035e-07,4.002491236380581e-07,0.99999999999992,1.068530945399784e-13,2.6696646720606174e-07,1.262177448353619e-29,-0.9999999999999645
5.003999999999671,65,2,-1,0.056536681445429164,0.009342249727325742,0.22546961594460319,0.7078800571756735,-0.01035744122698494,-0.7078042799801824,0.0,0.0,0.0,-0.9999999999971029,1.783865375525384e-07,2.400497467553373e-06,1.7838653755202446e-07,0.9999999999999841,-4.2821643164048996e-13,-2.400497467553411e-06,5.048709793414476e-29,-0.9999999999971189
5.003999999999671,66,2,-1,0.05653674672894352,4.055315549241322e-05,0.2255041151937613,0.8720572194850573,-0.0033340228219392873,0.1680243109029022,0.0,0.0,0.0,-0.9999999999999865,9.026567056918453e-11,1.652461073881801e-07,9.02656705691833e-11,1.0,-1.4916050692341555e-17,-1.652461073881801e-07,0.0,-0.9999999999999865
5.003999999999671,67,2,-1,0.05653005743990551,0.009421846656784541,0.24588431268583805,0.383447083593922,-0.0025591342974987134,-0.38343854363943586,0.0,0.0,0.0,-0.9999999999999837,1.7974498174582107e-07,2.2487941248219915e-08,1.7974498174582104e-07,0.9999999999999839,-4.042094589162451e-15,-2.2487941248220282e-08,0.0,-0.9999999999999999
5.003999999999671,68,2,-1,0.05653004917525084,0.00012280938544160738,0.24591191734049556,0.45812564856526067,0.003881420248357287,0.4348924764263327,0.0,0.0,0.0,-1.0,-8.403035887833034e-11,-2.3871364434236737e-11,-8.403035887833034e-11,1.0,-2.005919320324324e-21,2.3871364434236737e-11,0.0,-1.0
5.003999999999671,69,2,-1,0.056523371546896156,0.009492713457236342,0.26629324404123544,0.05755304553132983,0.0006781298200214887,-0.05754905029519186,0.0,0.0,0.0,-0.9999999999998797,4.900386188738281e-07,2.2803358668398183e-08,4.90038618873828e-07,0.99999999999988,-1.1174526387547724e-14,-2.2803358668400922e-08,-1.5777218104420236e-30,-0.9999999999999998
5.003999999999671,70,2,-1,0.056523348047220694,0.00020027879662740843,0.26632007784847855,0.1070561474981844,0.0016712771871094034,0.10704310136443572,0.0,0.0,0.0,-1.0,-8.552266269429067e-11,-3.240525683587554e-11,-8.552266269429067e-11,1.0,-2.7713838498964403e-21,3.240525683587554e-11,0.0,-1.0
5.003999999999671,71,2,-1,0.056550705350504465,0.038598394354227,0.1823087485059996,0.6859308827532192,-0.031868181423582276,-0.17973725394878828,0.0,0.0,0.0,-0.9999997786615992,-4.0678381615621873e-07,-0.0006653394527066083,-4.0678372611937305e-07,0.9999999999999174,-2.706493216113066e-10,0.0006653394527066634,-5.169878828456423e-26,-0.999999778661682
5.003999999999671,72,2,-1,0.056550566667858834,0.027796182075221436,0.18230874926498386,0.9979194804426437,-0.03792887041301113,-0.7726433749022132,0.0,0.0,0.0,-0.9999997580239116,3.036152041908858e-06,-0.0006956600464703297,3.0361513072466576e-06,0.999999999995391,2.112129670575038e-09,0.0006956600464735361,0.0,-0.9999997580285208
5.003999999999671,73,2,-1,0.056550034767041776,0.027792218491832662,0.18459703310252168,1.421648881588024,-0.055068226522018926,-0.8923530010630222,0.0,0.0,0.0,-0.9999999999992024,-5.252168679584597e-07,1.1486264492324716e-06,-5.252168679581133e-07,0.9999999999998622,6.032779861202087e-13,-1.1486264492326302e-06,0.0,-0.9999999999993405
5.003999999999671,74,2,-1,0.056550058436830704,0.020383020294225878,0.18462100973170034,1.695318596479765,-0.04697720995100706,-0.05651465024935692,0.0,0.0,0.0,-0.9999999999999384,2.9209064144118914e-07,-1.9486159188881418e-07,2.920906414411836e-07,0.9999999999999574,5.691724736705738e-14,1.948615918888225e-07,0.0,-0.999999999999981
5.003999999999671,75,2,-1,0.05654336774843687,0.027866945337993096,0.20500487930238098,1.0733898944954914,-0.04281553620402091,-0.8078646573005319,0.0,0.0,0.0,-0.9999999999991196,-2.0211903846342818e-07,1.3115005428761318e-06,-2.0211903846325435e-07,0.9999999999999796,2.650792286703932e-13,-1.3115005428761585e-06,-5.048709793414476e-29,-0.99999999999914
5.003999999999671,76,2,-1,0.05654339945758843,0.020466451205703895,0.20503191023847356,1.283144635477194,-0.035152134291984806,0.02805526271029141,0.0,0.0,0.0,-0.9999999999999718,1.9802867141508665e-07,-1.3214080311490202e-07,1.9802867141508498e-07,0.9999999999999806,2.616766768056711e-14,1.3214080311490464e-07,0.0,-0.9999999999999916
5.003999999999671,77,2,-1,0.05653668392647515,0.02793279198200143,0.22540505712808154,0.7240234916469734,-0.030619869092573786,-0.6474784398224758,0.0,0.0,0.0,-0.9999999999978354,1.2780237645830068e-07,2.076828800262812e-06,1.278023764580251e-07,0.9999999999999919,-2.6542365617063103e-13,-2.076828800262829e-06,5.048709793414476e-29,-0.9999999999978436
5.003999999999671,78,2,-1,0.05653669170251234,0.020549462745292773,0.2254339917413805,0.8677558670040469,-0.02337914964453444,0.21042477557247755,0.0,0.0,0.0,-0.99999999999855,2.6530567856138424e-07,1.6821583318102147e-06,2.6530567856100896e-07,0.9999999999999649,-4.4628615766861093e-13,-1.682158331810274e-06,0.0,-0.9999999999985854
5.003999999999671,79,2,-1,0.05653008848483351,0.028019854006445875,0.24583289307091477,0.3849145722458153,-0.01620889155603642,-0.3845731396778818,0.0,0.0,0.0,-0.9999999999999657,2.6210496216324585e-07,-1.826757286074434e-12,2.6210496216324585e-07,0.9999999999999657,4.788021493479896e-19,1.826757286074497e-12,0.0,-1.0
5.003999999999671,80,2,-1,0.05653007808247262,0.020636825413564756,0.24585356542999154,0.4595696236412954,-0.011625218900570491,0.45601138635452837,0.0,0.0,0.0,-1.0,-8.414605473759306e-11,-2.0121882654641818e-11,-8.414605473759306e-11,1.0,-1.6931770392809147e-21,2.0121882654641818e-11,0.0,-1.0
5.003999999999671,81,2,-1,0.056523435224464735,0.028090725224100964,0.2662448795786576,0.050810018761813874,-0.0014872360551824008,-0.05078824800573498,0.0,0.0,0.0,-0.999999999999831,5.81496760731539e-07,0.0,5.814967607315391e-07,0.999999999999831,0.0,0.0,0.0,-1.0000000000000002
5.003999999999671,82,2,-1,0.05652341217066272,0.02071474961001714,0.2662645170217709,0.1110177879407919,1.8350220054146687e-05,0.11101778642423052,0.0,0.0,0.0,-1.0,-9.044458624643639e-11,-3.014819541547879e-11,-9.044458624643639e-11,1.0,-2.7267410604296896e-21,3.014819541547879e-11,0.0,-1.0
5.003999999999671,83,2,-1,0.056550608674414145,0.059181785983658794,0.18230874832951116,0.6809108511556033,-0.04535802943940582,-0.12158399747410258,0.0,0.0,0.0,-0.9999997813078085,-4.752953202622124e-07,-0.0006613502166516323,-4.7529521631889095e-07,0.9999999999998871,-3.143366630289566e-10,0.000661350216651707,5.169878828456423e-26,-0.9999997813079216
5.003999999999671,84,2,-1,0.05655049893979815,0.04640103461775423,0.18230874882361034,1.0979852412033007,-0.06321157498780722,-0.6633886825406676,0.0,0.0,0.0,-0.9999997677200587,2.0603584965862366e-06,-0.000681583145065705,2.0603580180106592e-06,0.9999999999978775,1.4043056240690756e-09,0.0006815831450671518,0.0,-0.9999997677221812
5.003999999999671,85,2,-1,0.056549977605870924,0.04641181916790441,0.1845358195921541,1.4862440754665567,-0.0840149584165132,-0.5986925741617596,0.0,0.0,0.0,-0.9999999999994276,-6.958665066137301e-07,8.129435567402486e-07,-6.958665066135004e-07,0.999999999999758,5.657001929031145e-13,-8.129435567404455e-07,0.0,-0.9999999999996698
5.003999999999671,86,2,-1,0.05654998860675638,0.04089887889639385,0.18455424903063838,1.6871927733795564,-0.07619571720148202,0.05915185160549246,0.0,0.0,0.0,-0.9999999999999838,1.4990753845901384e-07,-1.0005385127660673e-07,1.499075384590131e-07,0.9999999999999889,1.4998826558220543e-14,1.0005385127660787e-07,0.0,-0.9999999999999951
5.003999999999671,87,2,-1,0.05654336011080316,0.045078607993152504,0.20495514459293407,1.169424213626431,-0.06821925736803168,-0.3287330883075372,0.0,0.0,0.0,-0.9999999999998976,-3.768122649322185e-07,-2.512223634755443e-07,-3.768122649322067e-07,0.9999999999999291,-9.466366778285163e-14,2.5122236347556214e-07,0.0,-0.9999999999999687
5.003999999999671,88,2,-1,0.05654334001552941,0.040976809913494394,0.2049633229754248,1.2762786797202461,-0.05978046565741951,0.15518195622721104,0.0,0.0,0.0,-0.9999999999991619,1.9641926783602832e-07,1.2797935535389108e-06,1.964192678358675e-07,0.9999999999999807,-2.513761127673866e-13,-1.2797935535389353e-06,0.0,-0.9999999999991812
5.003999999999671,89,2,-1,0.056536735994757885,0.04655433135577804,0.22536547085859523,0.7622622741061308,-0.0505923053745074,-0.3557824095146678,0.0,0.0,0.0,-0.9999999999999984,-5.7402821590130376e-08,-5.845550786085799e-12,-5.740282159013039e-08,0.9999999999999984,-3.355511088697301e-19,5.84555078608581e-12,4.81482486096809e-35,-1.0000000000000002
5.003999999999671,90,2,-1,0.056536683336628625,0.04105456634665936,0.22536761492543939,0.8654922386014854,-0.04344232356575201,0.31747832757200173,0.0,0.0,0.0,-0.9999999999980691,1.7257656655421526e-07,1.957594026811034e-06,1.725765665538846e-07,0.9999999999999851,-3.3783485585409367e-13,-1.957594026811063e-06,0.0,-0.999999999998084
5.003999999999671,91,2,-1,0.05653007894103994,0.046615843358608744,0.24577301127681045,0.39971966341701326,-0.03397109372752488,-0.16726737681802462,0.0,0.0,0.0,-0.9999999999994977,1.7350462082063852e-07,9.871556515386073e-07,1.73504620820554e-07,0.999999999999985,-1.71276067011159e-13,-9.871556515386221e-07,2.524354896707238e-29,-0.9999999999995128
5.003999999999671,92,2,-1,0.05653010694700269,0.04115059096092526,0.245795087879953,0.4666659594065052,-0.024056548207144306,0.4660454915103796,0.0,0.0,0.0,-1.0,9.977249356462385e-11,1.056950616757659e-09,9.977249356462385e-11,1.0,-1.0545459860857875e-19,-1.056950616757659e-09,0.0,-1.0
5.003999999999671,93,2,-1,0.05652344834517918,0.046677058710162755,0.2661870261133983,0.039581845133499355,-0.017360349123210186,0.03545949762253426,0.0,0.0,0.0,-0.999999999999294,5.941640002050662e-07,1.0291300493238193e-06,5.941640002047516e-07,0.9999999999998235,-6.114720268375854e-13,-1.029130049324001e-06,0.0,-0.9999999999994705
5.003999999999671,94,2,-1,0.056523476163784794,0.04122820290301512,0.26620878303917395,0.11795344869310559,-0.0017061869006987952,0.11794110812120165,0.0,0.0,0.0,-1.0,6.342481060441769e-11,2.7061252524551545e-09,6.342481060441769e-11,1.0,-1.7163548160880018e-19,-2.7061252524551545e-09,0.0,-1.0
5.003999999999671,95,2,-1,0.05655051909149961,0.07976865400967473,0.18230874817500284,0.6764578323406221,-0.05877657435968463,-0.06867776325915889,0.0,0.0,0.0,-0.9999997835500009,4.015475554592303e-08,-0.0006579513279271755,4.015474685442626e-08,0.9999999999999992,2.6419874734031192e-11,0.000657951327927176,0.0,-0.9999997835500017
5.003999999999671,96,2,-1,0.05655042930867584,0.06500593697797846,0.1823087484693412,1.2033486758306224,-0.09227858585484168,-0.4960960516032181,0.0,0.0,0.0,-0.9999997751460116,1.3718773021602408e-06,-0.0006706012558101925,1.3718769936894486e-06,0.999999999999059,9.199826416470222e-10,0.0006706012558108236,1.0339757656912846e-25,-0.9999997751469526
5.003999999999671,97,2,-1,0.056549908067704185,0.06501433936923423,0.1844789739362886,1.559285092108357,-0.11485203099584453,-0.2398449222837118,0.0,0.0,0.0,-0.9999999999997525,-7.037537587430716e-07,2.23328001223783e-09,-7.037537587430718e-07,0.9999999999997525,1.5716792029385353e-15,-2.2332800122383832e-09,1.9721522630525295e-31,-1.0000000000000002
5.003999999999671,98,2,-1,0.05654992162756632,0.06142469761291525,0.18449001801557333,1.6792331326407508,-0.1054204040026522,0.18562036584967098,0.0,0.0,0.0,-0.9999999999999999,8.492210408236709e-09,1.1826687746857587e-08,8.492210408236709e-09,1.0,-1.0043472077882958e-16,-1.1826687746857588e-08,-1.232595164407831e-32,-1.0
5.003999999999671,99,2,-1,0.0565433196026674,0.06508795704785364,0.20489294246324935,1.1806150091240983,-0.09333429604609829,-0.1375416447851292,0.0,0.0,0.0,-0.9999999999999291,-3.7681152160890515e-07,-5.99671933053561e-12,-3.768115216089052e-07,0.9999999999999291,-2.259632935600819e-18,5.9967193305360354e-12,0.0,-1.0
5.003999999999671,100,2,-1,0.05654332683763954,0.061506706603013175,0.2049043011420016,1.2721446506148333,-0.0844095937203794,0.2891923678171378,0.0,0.0,0.0,-1.0,1.6252126964058914e-10,-1.6784983585831335e-10,1.6252126964058914e-10,1.0,2.727916843265757e-20,1.6784983585831335e-10,0.0,-1.0
5.003999999999671,101,2,-1,0.056536730272657675,0.06515957424873356,0.22530999229685064,0.8029027872145814,-0.07191084566141052,-1.8279279015711444e-05,0.0,0.0,0.0,-0.9999999999999984,-5.743271252229321e-08,-5.847899928449157e-12,-5.7432712522293224e-08,0.9999999999999984,-3.3586075544976003e-19,5.8478999284491676e-12,4.81482486096809e-35,-1.0000000000000002
5.003999999999671,102,2,-1,0.05653673023579059,0.06158622161671415,0.22531831882849693,0.8662458480847669,-0.06349979821677286,0.43360636360059446,0.0,0.0,0.0,-0.9999999999999988,-2.8338021776347486e-10,5.2512328022908e-08,-2.833802177634745e-10,1.0,1.4880954950398693e-17,-5.2512328022908e-08,0.0,-0.9999999999999988
5.003999999999671,103,2,-1,0.05653015589920922,0.07990737642418011,0.24568181425097468,0.36878406713899026,-0.04751270177314696,0.11318274376824886,0.0,0.0,0.0,-0.9999999999998563,3.7250590004497353e-07,3.8566780173667467e-07,3.725059000449459e-07,0.9999999999999307,-1.436635316042964e-13,-3.8566780173670146e-07,0.0,-0.9999999999999258
5.003999999999671,104,2,-1,0.056530135763993794,0.06166390721565333,0.24573668176037722,0.4754466668814241,-0.03315348057064735,0.47428934183123655,0.0,0.0,0.0,-1.0,1.997004779466343e-11,3.807017293219019e-09,1.997004779466343e-11,1.0,-7.602631730069402e-20,-3.807017293219019e-09,0.0,-1.0
5.003999999999671,105,2,-1,0.05652355132323531,0.0653022600594439,0.2661431454446652,0.07754980839593835,-0.0065373535808797185,0.0772737716848693,0.0,0.0,0.0,-0.9999999999998324,5.791912900718131e-07,3.745124042471565e-09,5.791912900718132e-07,0.9999999999998324,-2.1691432256384336e-15,-3.745124042472194e-09,0.0,-1.0000000000000002
5.003999999999671,106,2,-1,0.05652353988914227,0.0617412914324796,0.26615401051674703,0.12623051169411517,-0.0034364072840389094,0.1261837279031506,0.0,0.0,0.0,-1.0,7.654677230740137e-09,4.792033130182325e-09,7.654677230740139e-09,1.0,-3.6681466890559036e-17,-4.792033130182325e-09,0.0,-1.0
5.003999999999671,107,2,-1,0.05654834342243737,0.09999950263717108,0.18230924677831478,0.6228896371571514,-0.07153506516675476,-0.03552613076516253,0.0,0.0,0.0,-0.9996151491029848,0.01923153092006432,-0.01999254616821771,0.01922768567387036,0.99981505700728,0.0003845583911846336,0.019996244333487907,0.0,-0.9998000551172997
5.003999999999671,108,2,-1,0.05655035724973269,0.08361087081590868,0.18230874817257225,1.3020247936143805,-0.1244070969174242,-0.3141790431188752,0.0,0.0,0.0,-0.9999997810857897,8.750685532050239e-07,-0.0006616854290222372,8.750683616404178e-07,0.9999999999996173,5.790201110515564e-10,0.0006616854290224906,-1.0339757656912846e-25,-0.9999997810861727
5.003999999999671,109,2,-1,0.05654983883555531,0.08361929199541027,0.18441793686363867,1.625570022609071,-0.14692199323146568,0.10985017021063394,0.0,0.0,0.0,-0.99999999999975,-7.072691272335155e-07,1.1971089623061141e-09,-7.072691272335157e-07,0.99999999999975,8.466782109738766e-16,-1.1971089623064138e-09,-9.860761315262648e-32,-1.0000000000000002
5.003999999999671,110,2,-1,0.05654984511875278,0.08193815122292326,0.18442323465566568,1.6718746979995769,-0.1346696637934096,0.29737072830649763,0.0,0.0,0.0,-1.0,4.982664920038499e-09,1.1037356209697337e-08,4.982664920038499e-09,1.0,-5.4995447596028013e-17,-1.1037356209697337e-08,0.0,-1.0
5.003999999999671,111,2,-1,0.05654328135169251,0.08369135237509517,0.20483749147261082,1.2321600442619904,-0.12046743526706827,0.21551801428328404,0.0,0.0,0.0,-0.9999999999999238,-3.9031300811217407e-07,5.694014439874613e-10,-3.9031300811217407e-07,0.9999999999999238,2.222447904261785e-16,-5.694014439875047e-10,0.0,-1.0
5.003999999999671,112,2,-1,0.05654328529360248,0.08202050304424212,0.2048401259879628,1.267463152793263,-0.10906471426309328,0.4038951947180766,0.0,0.0,0.0,-1.0,-3.043350957880141e-10,2.411321712899331e-09,-3.043350957880141e-10,1.0,7.338498244709362e-19,-2.411321712899331e-09,0.0,-1.0
5.003999999999671,113,2,-1,0.05653672442391229,0.08376444130800453,0.2252541145890396,0.8401962903946361,-0.09413675453151628,0.34459283084555775,0.0,0.0,0.0,-0.9999999999999982,-6.07919612104645e-08,3.838773828711636e-09,-6.079196121046451e-08,0.9999999999999983,2.3336658969078453e-16,-3.838773828711644e-09,0.0,-1.0000000000000002
5.003999999999671,114,2,-1,0.056536724926088036,0.0820994067053098,0.22525914020602117,0.8646024111691589,-0.08358141019359007,0.5354802979344484,0.0,0.0,0.0,-0.9999999999999999,1.3805740486798766e-08,1.2007323287893414e-08,1.3805740486798768e-08,1.0,-1.6576998925375181e-16,-1.2007323287893416e-08,2.465190328815662e-32,-1.0
5.003999999999671,115,2,-1,0.05653016698438314,0.0838362577187107,0.2456734531861216,0.45381092985610655,-0.06181584471188906,0.44958109546490016,0.0,0.0,0.0,-0.9999999999999665,2.5918836865440843e-07,3.5510581130673292e-09,2.591883686544085e-07,0.9999999999999666,-9.20392959322954e-16,-3.551058113067449e-09,-1.9721522630525295e-31,-1.0000000000000002
5.003999999999671,116,2,-1,0.05653015268871643,0.08217045323994404,0.24567302676389793,0.48326923391251936,-0.04066480032468734,0.4815553202498615,0.0,0.0,0.0,-0.9999999999999273,6.88350335205696e-11,3.81755473008578e-07,6.88350335205646e-11,1.0,-2.627815078120637e-17,-3.81755473008578e-07,0.0,-0.9999999999999273
5.003999999999671,117,2,-1,0.05652360952467124,0.0839080847287381,0.2660928188604412,0.11367001346084177,-0.00722129214669056,0.11344040241430782,0.0,0.0,0.0,-0.9999999999998324,5.790479860729911e-07,3.277068005558002e-09,5.790479860729911e-07,0.9999999999998324,-1.897579628842913e-15,-3.2770680055585515e-09,0.0,-1.0
5.003999999999671,118,2,-1,0.056523604316369144,0.08225736625692727,0.26609719589740666,0.1346264911373505,-0.005171473073959095,0.13452712730970073,0.0,0.0,0.0,-1.0,-3.217578669228254e-09,4.290104892304339e-09,-3.217578669228254e-09,1.0,1.3803749990230217e-17,-4.290104892304339e-09,0.0,-1.0
5.003999999999671,119,3,-1,-0.05655269010351068,-0.08376578673441885,0.18230875319262474,0.7441919046952129,0.05555644827771589,0.06370311740373498,0.0,0.0,0.0,0.9999997031348231,-3.692123713204691e-06,-0.0007705300992454982,3.692122617166897e-06,0.9999999999931841,-2.844892451181658e-09,0.0007705300992507499,0.0,0.999999703141639
5.003999999999671,120,3,-1,-0.05655277880301508,-0.08664845705300421,0.18230875424649828,0.77535064945445,0.05985056329450403,0.18091106900465145,0.0,0.0,0.0,0.9999996777396004,-4.589414487964987e-06,-0.0008028073446731592,4.589413009026773e-06,0.9999999999894686,-3.6844156587264993e-09,0.0008028073446816139,0.0,0.9999996777501318
5.003999999999671,121,3,-1,-0.056551723303586036,-0.08375835391258724,0.1853931038748055,1.458729782322484,0.09709168907896365,0.101980122248884,0.0,0.0,0.0,0.9999999999967069,-2.5664129629788037e-06,2.0728869651858206e-09,2.566412962978804e-06,0.9999999999967069,5.319883978260203e-15,-2.0728869651926474e-09,-7.888609052210118e-31,1.0000000000000002
5.003999999999671,122,3,-1,-0.05655095253882632,-0.09999997729147811,0.18803052727801078,1.5703154055081399,0.1128905674188458,-0.015883914489834207,0.0,0.0,0.0,0.9999996871213411,-0.0007910468332185853,-1.4586962779608524e-06,0.0007910468332177437,0.9999996871224048,-1.153897432337323e-09,1.4586967343543786e-06,-2.0679515313825692e-25,0.9999999999989362
5.003999999999671,123,3,-1,-0.05654406428613349,-0.08371009990408569,0.20584708451596534,1.075518487467499,0.07306340925567992,0.02955427449038879,0.0,0.0,0.0,0.9999999999985998,-1.673519518929768e-06,-1.653733236802669e-11,1.6735195189297684e-06,0.9999999999985998,-2.7675548508960467e-17,1.653733236804985e-11,0.0,1.0000000000000002
5.003999999999671,124,3,-1,-0.05654325723129505,-0.09999998400444614,0.20844375617135594,1.1480351696517066,0.0832224926324761,-0.1053073492378273,0.0,0.0,0.0,0.999999710232422,-0.0007612720094029406,-6.3419457689190515e-09,0.0007612720094029407,0.9999997102324218,-4.82794719801205e-12,6.34194760660985e-09,0.0,1.0
5.003999999999671,125,3,-1,-0.05653640443563136,-0.08365924912384681,0.22630328893916896,0.6940373079115696,0.04915429447205856,-0.06194258399688553,0.0,0.0,0.0,0.9999999999997023,-7.716309969854476e-07,2.4239157829055867e-09,7.716309969854477e-07,0.9999999999997023,1.8703685521727568e-15,-2.423915782906309e-09,-3.944304526105059e-31,1.0000000000000002
5.003999999999671,126,3,-1,-0.05653553806567278,-0.09999999001169496,0.22884810295060182,0.7243781108342857,0.05358766070418481,-0.21129867496259283,0.0,0.0,0.0,0.9999997176785805,-0.0007514271484341837,-6.065847096296828e-09,0.0007514271484341838,0.9999997176785804,-4.5580434732414025e-12,6.0658488088158736e-09,0.0,1.0
5.003999999999671,127,3,-1,-0.056528732589115914,-0.08191626989420227,0.24674870793426962,0.31373952064584926,0.024922173012741522,-0.2543140974819803,0.0,0.0,0.0,0.9999999999999161,-1.775647319359642e-10,4.1017025210383786e-07,1.7756473193594928e-10,1.0,7.283177086292483e-17,-4.1017025210383786e-07,-1.232595164407831e-32,0.9999999999999161
5.003999999999671,128,3,-1,-0.056527818173020855,-0.09999999586764112,0.24925466312392758,0.30261203353938526,0.021856384369736775,-0.30182170449642015,0.0,0.0,0.0,0.9999997250473259,-0.000741555980938332,2.9809885183173977e-09,0.000741555980938332,0.9999997250473256,2.2105704726690254e-12,-2.9809893379483874e-09,0.0,1.0
5.003999999999671,129,3,-1,-0.05655234199667815,-0.06471113324873905,0.18230875336566843,0.7432803702847118,0.04388669659915917,0.1660152859941019,0.0,0.0,0.0,0.9999996917345821,-2.063992184615118e-06,-0.0007851920025687362,2.0639915483621014e-06,0.99999999999787,-1.6206301567276172e-09,0.0007851920025704088,-4.1359030627651384e-25,0.9999996917367122
5.003999999999671,130,3,-1,-0.05655285274431608,-0.08210347365553822,0.18230875262888752,1.5098529093576885,0.097995206474999,0.27604173842716795,0.0,0.0,0.0,0.9999997202351272,2.3194991408709415e-08,-0.0007480171568988177,-2.3194984919565605e-08,0.9999999999999999,1.7350251527835326e-11,0.0007480171568988181,3.2311742677852644e-27,0.9999997202351276
5.003999999999671,131,3,-1,-0.05655146619485417,-0.06514788550934099,0.18533566487671255,1.434805505510077,0.07640576968890855,0.363132358920823,0.0,0.0,0.0,0.9999999999966751,-2.5787512244440997e-06,-1.662262384060328e-11,2.5787512244441e-06,0.9999999999966752,-4.2865611582571927e-17,1.6622623840658553e-11,0.0,1.0000000000000002
5.003999999999671,132,3,-1,-0.056551699076385034,-0.0820939317263101,0.1853848351562471,1.803048502700533,0.09935444212061066,-0.35471096213004244,0.0,0.0,0.0,0.9999999999992483,-1.6444074968623195e-10,1.2262737780956872e-06,1.6444074968610833e-10,1.0,2.0164937939062284e-16,-1.2262737780956872e-06,0.0,0.9999999999992483
5.003999999999671,133,3,-1,-0.056543896944908995,-0.06509370851842526,0.2057908158142859,1.0588239030390547,0.0578484173014236,0.2865566393468909,0.0,0.0,0.0,0.9999999999985998,-1.673469935716534e-06,-1.4101279079412709e-11,1.6734699357165342e-06,0.9999999999985999,-2.359806659457874e-17,1.4101279079432458e-11,3.0814879110195774e-33,1.0000000000000002
5.003999999999671,134,3,-1,-0.05654404924956268,-0.08203783560711159,0.20584188065027295,1.330738331253767,0.07375135272798564,-0.44279888787611205,0.0,0.0,0.0,1.0,-1.4543793961558825e-10,-1.5912247222712063e-10,1.4543793961558825e-10,1.0,-2.314244450725109e-20,1.5912247222712063e-10,0.0,1.0
5.003999999999671,135,3,-1,-0.056536327634236105,-0.06503952217620054,0.22624623614874378,0.6843429021766685,0.03939195013340917,0.18041591563384413,0.0,0.0,0.0,0.9999999999997049,-7.683037614988754e-07,-1.6753458710741118e-11,7.683037614988756e-07,0.999999999999705,-1.2871745345582301e-17,1.6753458710746068e-11,-1.5407439555097887e-33,1.0000000000000002
5.003999999999671,136,3,-1,-0.056536397405693814,-0.08198173958465549,0.22629776236730292,0.8605760590287914,0.048285309093315465,-0.5562558319449264,0.0,0.0,0.0,0.9999999999999999,-1.2336927020842667e-08,1.1188108611008623e-08,1.2336927020842668e-08,1.0,1.3802687943527483e-16,-1.1188108611008625e-08,0.0,1.0
5.003999999999671,137,3,-1,-0.05652876071216409,-0.061388799271882274,0.24668945620709448,0.31550657041864394,0.020375108711892367,-0.18371135812718725,0.0,0.0,0.0,1.0,-1.2567586845064662e-10,6.1495971562206235e-09,1.2567586845064662e-10,1.0,7.728559632296537e-19,-6.1495971562206235e-09,0.0,1.0
5.003999999999671,138,3,-1,-0.05652874562076636,-0.08192412198968294,0.2467539042578089,0.41940428389674916,0.013897796279335706,-0.4191739550705924,0.0,0.0,0.0,1.0,-9.500950396359077e-11,6.057122758308023e-09,9.500950396359077e-11,1.0,5.754842287134219e-19,-6.057122758308023e-09,0.0,1.0
5.003999999999671,139,3,-1,-0.05655196921105975,-0.04413456703228784,0.18230875274090907,0.7342426137048512,0.0309187388985479,0.22521431582229337,0.0,0.0,0.0,0.9999997004411046,-3.103084901657579e-06,-0.0007740207179175707,3.1030839721158346e-06,0.9999999999951856,-2.401852003351738e-09,0.0007740207179212974,0.0,0.9999997004459195
5.003999999999671,140,3,-1,-0.05655229317283738,-0.04654104486527741,0.1823087522201353,0.7822149519662601,0.035845452804104824,0.36552350812972145,0.0,0.0,0.0,0.999999719988957,-1.8598117527804418e-06,-0.0007483438706895554,1.8598112320158296e-06,0.9999999999982706,-1.3917787258320495e-09,0.0007483438706908497,2.0679515313825692e-25,0.9999997199906865
5.003999999999671,141,3,-1,-0.05655119598356697,-0.046519224444591376,0.18528010858941218,1.4069334858211593,0.055463128131060094,0.6529586895237686,0.0,0.0,0.0,0.9999999999959872,-2.7165566774049155e-06,8.038106351299091e-07,2.7165566774040384e-06,0.9999999999963103,2.183597148239298e-12,-8.038106351328752e-07,-4.0389678347315804e-28,0.9999999999996771
5.003999999999671,142,3,-1,-0.05655141664542273,-0.061571350817791984,0.18532503125583139,1.7877209783668397,0.07495829771753394,-0.21790066978481948,0.0,0.0,0.0,1.0,-9.157972319828863e-12,-2.2835463446845998e-11,9.157972319828863e-12,1.0,-2.0912654215667945e-22,2.2835463446845998e-11,0.0,1.0
5.003999999999671,143,3,-1,-0.056543705006358955,-0.046463383211717224,0.20572882423806044,1.038830166827069,0.04244815296591669,0.5754965177703056,0.0,0.0,0.0,0.9999999999977321,-1.8164992602981454e-06,1.111742340992913e-06,1.816499260297023e-06,0.9999999999983503,2.019479140059087e-12,-1.1117423409947472e-06,0.0,0.9999999999993822
5.003999999999671,144,3,-1,-0.05654386473479573,-0.061510850251406166,0.20578005763841617,1.3212669165438011,0.056143273421869415,-0.3085197689031029,0.0,0.0,0.0,1.0,-3.402187670559027e-11,-2.2467277069729425e-11,3.402187670559027e-11,1.0,-7.6437893037666995e-22,2.2467277069729425e-11,0.0,1.0
5.003999999999671,145,3,-1,-0.05653625080988452,-0.046419784303951744,0.2261888822798946,0.6730531666119167,0.02950198473338912,0.45267730250238014,0.0,0.0,0.0,0.9999999999997049,-7.682793942061723e-07,-1.9818068813883912e-11,7.682793942061725e-07,0.999999999999705,-1.5225813902671464e-17,1.9818068813889764e-11,0.0,1.0000000000000002
5.003999999999671,146,3,-1,-0.05653631281954742,-0.06145036776908185,0.22623513354417113,0.8566138718086074,0.03743516119345104,-0.4400716815406234,0.0,0.0,0.0,1.0,-1.1197177192114851e-10,-1.5784566966857938e-10,1.1197177192114851e-10,1.0,-1.767425932287112e-20,1.5784566966857938e-10,0.0,1.0
5.003999999999671,147,3,-1,-0.05652877196338814,-0.04636223350826797,0.2466430199922413,0.30768737927743367,0.016604395709194558,0.294361811390192,0.0,0.0,0.0,0.9999999999999908,1.3687014699634263e-07,-1.7011417877703627e-11,-1.3687014699634266e-07,0.9999999999999908,2.3283552655375286e-18,1.7011417877703788e-11,-3.851859888774472e-34,1.0000000000000002
5.003999999999671,148,3,-1,-0.05652876090432138,-0.06138974616986938,0.24669023547864247,0.41285746640612775,0.012844413439587107,-0.41265761668807216,0.0,0.0,0.0,1.0,-4.899084275579358e-11,-3.408058626489988e-11,4.899084275579358e-11,1.0,-1.6696366427289686e-21,3.408058626489988e-11,0.0,1.0
5.003999999999671,149,3,-1,-0.05655192688725602,-0.02347180625700839,0.1823087525264459,0.7331836390651095,0.01799730575671323,0.27819359770672825,0.0,0.0,0.0,0.9999997051652351,8.555857926812861e-07,-0.0007678988936744913,-8.555855404251633e-07,0.9999999999996341,6.570033836438129e-10,0.0007678988936747725,0.0,0.9999997051656012
5.003999999999671,150,3,-1,-0.056551992146514914,-0.027928003968432723,0.1823087516874979,0.8221485848222099,0.02510252757173717,0.564315567061397,0.0,0.0,0.0,0.999999727667973,-1.9197772135597444e-06,-0.000738011039608035,1.919776690746462e-06,0.9999999999981573,-1.4168167771976544e-09,0.000738011039609395,2.0679515313825692e-25,0.9999997276698157
5.003999999999671,151,3,-1,-0.056550934418638565,-0.02808340581893814,0.18522614392735004,1.3881941110449558,0.03467902159207605,0.9280789766540243,0.0,0.0,0.0,0.9999999999941503,-2.8459526254848454e-06,-1.8973493176437509e-06,2.845952625479723e-06,0.9999999999959505,-5.399766272031981e-12,1.897349317651435e-06,0.0,0.9999999999982002
5.003999999999671,152,3,-1,-0.056551132315434016,-0.04104833816670045,0.18526451515928843,1.7731298949196528,0.050570485046070646,-0.06570943047399058,0.0,0.0,0.0,1.0,1.056927279396938e-11,-2.1618967078573735e-11,-1.056927279396938e-11,1.0,2.284967605772891e-22,2.1618967078573735e-11,0.0,1.0
5.003999999999671,153,3,-1,-0.056543528522009,-0.02785153292005345,0.20567559792219986,1.0261295397379933,0.027079881421189833,0.8423689431602334,0.0,0.0,0.0,0.9999999999966708,-1.8540037080294205e-06,1.7947430133235503e-06,1.854003708026435e-06,0.9999999999982815,3.3274602016674775e-12,-1.7947430133266352e-06,-4.0389678347315804e-28,0.9999999999983896
5.003999999999671,154,3,-1,-0.05654368021302801,-0.04098377638270647,0.20571823766619418,1.3126277791416467,0.03853771064170068,-0.15412427138019358,0.0,0.0,0.0,1.0,5.179586017276218e-12,-2.13657923212644e-11,-5.179586017276218e-12,1.0,1.1066595915524868e-22,2.13657923212644e-11,0.0,1.0
5.003999999999671,155,3,-1,-0.056536124493829804,-0.027793741681884247,0.2261222185376334,0.6670209723922088,0.018793251479174728,0.666756170807506,0.0,0.0,0.0,0.9999999999981716,-9.550395981673314e-07,1.656728716623606e-06,9.550395981660208e-07,0.999999999999544,1.5822415277972088e-12,-1.6567287166243617e-06,2.0194839173657902e-28,0.9999999999986277
5.003999999999671,156,3,-1,-0.05653622811097547,-0.04091920255468832,0.22617195516829894,0.8531151712574911,0.026585542667314024,-0.3086807248101318,0.0,0.0,0.0,1.0,-1.4391424794397538e-11,-2.1835265205292815e-11,1.4391424794397538e-11,1.0,-3.142405770676969e-22,2.1835265205292815e-11,0.0,1.0
5.003999999999671,157,3,-1,-0.05652878157039769,-0.027744951756093962,0.24658564777565234,0.32410342909395656,0.007845901307107045,0.3240084483206271,0.0,0.0,0.0,0.9999999999999617,2.7383611030074603e-07,-4.292678961363357e-08,-2.738361103007458e-07,0.9999999999999626,1.1754905095496323e-14,4.2926789613635176e-08,-1.5777218104420236e-30,0.9999999999999992
5.003999999999671,158,3,-1,-0.05652877263115502,-0.04086035948222519,0.2466255007586538,0.4057470327813863,0.011654785134776378,-0.4055796106738621,0.0,0.0,0.0,0.9999999999999946,1.190677422833314e-10,1.0513894264586524e-07,-1.1906774228333075e-10,1.0,-1.2518656526899844e-17,-1.0513894264586524e-07,1.5407439555097887e-33,0.9999999999999946
5.003999999999671,159,3,-1,-0.056551597940462814,-0.002894601456275057,0.18230875197669202,0.7247697932845162,0.005206186638339601,0.3116259161888596,0.0,0.0,0.0,0.9999997128880437,8.196841715678032e-07,-0.0007577751372955545,-8.196839362269524e-07,0.999999999999664,6.211362856489936e-10,0.0007577751372958091,0.0,0.9999997128883796
5.003999999999671,160,3,-1,-0.0565516925944548,-0.009315030774594463,0.18230875116344414,0.8768717451680346,0.012529279357020678,0.7361879495018181,0.0,0.0,0.0,0.9999997352083438,-1.979412107239601e-06,-0.0007277220101910484,1.979411583111669e-06,0.999999999998041,-1.4404617576797234e-09,0.000727722010192474,0.0,0.9999997352103029
5.003999999999671,161,3,-1,-0.05655067377789072,-0.009467132317626178,0.18517123816103778,1.388256048259844,0.013674221491270056,1.0944487696499592,0.0,0.0,0.0,0.9999999999937661,-2.937971216741669e-06,-1.9587013189706992e-06,2.937971216736034e-06,0.9999999999956842,-5.754608097354694e-12,1.9587013189791526e-06,0.0,0.999999999998082
5.003999999999671,162,3,-1,-0.056550847985413266,-0.02052532450376206,0.18520399831856976,1.7587703764394156,0.026206664435245032,0.0754194157585904,0.0,0.0,0.0,1.0,2.0984781444390065e-11,-2.1833876647342266e-11,-2.0984781444390065e-11,1.0,4.581791295282495e-22,2.1833876647342266e-11,0.0,1.0
5.003999999999671,163,3,-1,-0.05654339535056635,-0.010677654412546488,0.20562679114890253,1.0440753201452848,0.012344647611741427,1.0188468302424134,0.0,0.0,0.0,0.999999999997356,-1.913371456004283e-06,-1.275633819584931e-06,1.9133714560027266e-06,0.9999999999981696,-2.4407613387119922e-12,1.2756338195872662e-06,0.0,0.9999999999991865
5.003999999999671,164,3,-1,-0.056543495691484286,-0.020456692190548405,0.20565641145202906,1.304348467764007,0.02094914240006422,-0.007728882784549785,0.0,0.0,0.0,1.0,1.649002418345341e-11,-2.0898248470119174e-11,-1.649002418345341e-11,1.0,3.4461262266408336e-22,2.0898248470119174e-11,0.0,1.0
5.003999999999671,165,3,-1,-0.05653609717530104,-0.011884936395861152,0.2260825002960709,0.7030303777180341,0.009378512966170933,0.7029678196680877,0.0,0.0,0.0,0.9999999999992576,-1.013961616168915e-06,-6.760189950646252e-07,1.0139616161686833e-06,0.999999999999486,-6.854573127969654e-13,6.760189950649727e-07,0.0,0.9999999999997716
5.003999999999671,166,3,-1,-0.0565361433975161,-0.02038806029389,0.22610882634536528,0.8497383241287139,0.015745430742057615,-0.1884136377972662,0.0,0.0,0.0,1.0,1.3730225873070927e-11,-1.9971237633557713e-11,-1.3730225873070927e-11,1.0,2.742096036735219e-22,1.9971237633557713e-11,0.0,1.0
5.003999999999671,167,3,-1,-0.05652879572459056,-0.009122017679605184,0.24652790238340627,0.33753484432197994,0.004238766226090269,0.33750822803650843,0.0,0.0,0.0,0.9999999999999738,2.2722923023502013e-07,-2.8467033104136874e-08,-2.2722923023502008e-07,0.9999999999999744,6.468542019328026e-15,2.8467033104137612e-08,0.0,0.9999999999999998
5.003999999999671,168,3,-1,-0.056528788962430195,-0.02032399720200056,0.24656097151685316,0.40015443652316857,0.009774151341447539,-0.40003504725802336,0.0,0.0,0.0,0.9999999999999979,1.1452875966020321e-10,6.675329965824511e-08,-1.1452875966020297e-10,1.0,-7.64517261308468e-18,-6.675329965824511e-08,1.5407439555097887e-33,0.9999999999999979
5.003999999999671,169,3,-1,-0.05655128453821191,0.01768595744073672,0.18230875129427077,0.7151876801031214,-0.007506472883748689,0.30618127175362186,0.0,0.0,0.0,0.999999724381571,1.48809727505718e-07,-0.0007424532038423942,-1.4880968649101634e-07,0.999999999999989,1.1048425894953521e-10,0.0007424532038424025,-1.2924697071141057e-26,0.9999997243815821
5.003999999999671,170,3,-1,-0.056551406735525306,-1.8935148732539652e-05,0.18230875168742527,1.4470365441683446,-0.0006620300949054829,0.6766571054889173,0.0,0.0,0.0,0.9999997166177186,4.5032145797805154e-06,-0.0007528241520773746,-4.503213303694954e-06,0.9999999999898606,3.3901286976801113e-09,0.0007528241520850078,0.0,0.999999716627858
5.003999999999671,171,3,-1,-0.056550434726045685,0.009304506661466826,0.1851157939579447,1.4055924226850336,-0.007977902798663634,1.1145792897961042,0.0,0.0,0.0,0.9999999999966749,-2.5788059196696267e-06,-5.415414104725847e-12,2.5788059196696267e-06,0.9999999999966749,-1.396530195077584e-17,5.415414104743854e-12,0.0,1.0
5.003999999999671,172,3,-1,-0.05655056366446879,-2.1833915891042833e-06,0.18514303972675134,1.7425701959135649,0.00187954432941661,0.15160464223392262,0.0,0.0,0.0,1.0,-1.0721648283984001e-10,5.047708362956649e-11,1.0721648283984001e-10,1.0,5.4119753707745846e-21,-5.047708362956649e-11,0.0,1.0
5.003999999999671,173,3,-1,-0.05654322756323206,0.009372137530519298,0.20556633773389354,1.0430485439573849,-0.00419632281453453,1.0288091324620032,0.0,0.0,0.0,0.9999999999985997,-1.6735893324066713e-06,-2.6456634032457135e-12,1.6735893324066715e-06,0.9999999999985996,-4.427754048816957e-18,2.645663403249419e-12,0.0,1.0000000000000002
5.003999999999671,174,3,-1,-0.05654331117767389,7.054357555379231e-05,0.20559412463120802,1.2944171249365208,0.003393880312954721,0.06642295482420817,0.0,0.0,0.0,1.0,-1.182123684105311e-10,5.0726870524006405e-11,1.182123684105311e-10,1.0,5.996543506697156e-21,-5.0726870524006405e-11,0.0,1.0
5.003999999999671,175,3,-1,-0.05653602033329207,0.009439743893150197,0.226016887850646,0.6947530735841497,-0.00033967212621782066,0.694752990549497,0.0,0.0,0.0,0.9999999999997049,-7.683928173714448e-07,-3.022449309985902e-12,7.683928173714449e-07,0.9999999999997049,-2.3224283406631326e-18,3.0224493099867946e-12,3.851859888774472e-34,1.0000000000000002
5.003999999999671,176,3,-1,-0.05653605868700536,0.0001433056335716746,0.22604563990267793,0.8453523901331513,0.004926537244235298,-0.13271192402833995,0.0,0.0,0.0,1.0,-9.974939551761004e-11,-2.6121828186735614e-11,9.974939551761004e-11,1.0,-2.605636571441745e-21,2.6121828186735614e-11,0.0,1.0
5.003999999999671,177,3,-1,-0.05652881303042983,0.009506859784393373,0.24646754780974642,0.3437043718996112,0.0018889756383392833,0.3436991810201823,0.0,0.0,0.0,0.9999999999999908,1.3702844671746936e-07,-2.958382486317443e-11,-1.370284467174694e-07,0.9999999999999908,4.0538255689624806e-18,2.958382486317471e-11,-7.703719777548943e-34,1.0000000000000004
5.003999999999671,178,3,-1,-0.056528806201458726,0.0002159565781400533,0.24649675705781338,0.39859848434836953,0.00640813277582554,-0.39854697032990327,0.0,0.0,0.0,1.0,-7.302846048191139e-11,-2.326862918274072e-11,7.302846048191139e-11,1.0,-1.6992721667400308e-21,2.326862918274072e-11,0.0,1.0
5.003999999999671,179,3,-1,-0.05655096581980226,0.03826992881096809,0.18230875076595282,0.7045193640342415,-0.02014770255249139,0.27193530434117585,0.0,0.0,0.0,0.9999997318704062,1.293064063533187e-07,-0.000732297138560933,-1.2930637168244558e-07,0.9999999999999917,9.469071137013334e-11,0.0007322971385609392,-1.2924697071141057e-26,0.9999997318704147
5.003999999999671,180,3,-1,-0.0565510915213908,0.020503568795154522,0.18230875086169301,1.4300441912232034,-0.025238603879492137,0.6622808381236664,0.0,0.0,0.0,0.9999997317709683,3.399995356439229e-06,-0.0007324250347314536,-3.399994444481419e-06,0.9999999999942201,2.490241717041177e-09,0.0007324250347356871,-4.1359030627651384e-25,0.9999997317767484
5.003999999999671,181,3,-1,-0.056550176859391066,0.027917560847615264,0.18506083947620405,1.4434468164906866,-0.03065544800522221,0.9745891661768273,0.0,0.0,0.0,0.999999999996675,-2.5787904870089964e-06,-4.4716993121356496e-12,2.578790487008997e-06,0.999999999996675,-1.153157564693843e-17,4.471699312150519e-12,0.0,1.0000000000000002
5.003999999999671,182,3,-1,-0.05655027933615844,0.02052084544466242,0.18508249009179473,1.7229996209091336,-0.022429123117550222,0.12880989659381914,0.0,0.0,0.0,1.0,-9.572821153998921e-11,4.8018805530078624e-11,9.572821153998921e-11,1.0,4.596754373680971e-21,-4.8018805530078624e-11,0.0,1.0
5.003999999999671,183,3,-1,-0.05654306021988434,0.027988532070921425,0.20551019258532166,1.0722207554848433,-0.02087358608017641,0.8679058062108043,0.0,0.0,0.0,0.9999999999985997,-1.673565032315195e-06,-3.3336672162608815e-12,1.6735650323151953e-06,0.9999999999985996,-5.579108882517562e-18,3.3336672162655498e-12,0.0,1.0
5.003999999999671,184,3,-1,-0.05654312665821169,0.020597638082734564,0.2055322633747454,1.2812209394067082,-0.014140747710923912,0.02537725003256542,0.0,0.0,0.0,1.0,-1.0160256884469999e-10,4.851668046222796e-11,1.0160256884469999e-10,1.0,4.9294193667798266e-21,-4.851668046222796e-11,0.0,1.0
5.003999999999671,185,3,-1,-0.05653589556946635,0.028059058206368247,0.22594275532735536,0.6983357994636851,-0.011129559396300672,0.6859134585974083,0.0,0.0,0.0,0.9999999999972929,-7.676647929678053e-07,2.1966174134236264e-06,7.676647929659534e-07,0.9999999999997053,1.686265851905821e-12,-2.196617413424274e-06,0.0,0.9999999999975876
5.003999999999671,186,3,-1,-0.05653593724816562,0.020684272325470678,0.22597166026319176,0.8368468510451907,-0.005874999542926184,-0.17581320545029294,0.0,0.0,0.0,0.9999999999985858,-1.17323833135503e-10,1.6818723704872969e-06,1.1732383313533706e-10,1.0,1.9732371335026447e-16,-1.6818723704872969e-06,0.0,0.9999999999985858
5.003999999999671,187,3,-1,-0.05652872295208707,0.02815734649018271,0.2464066109956963,0.3364929663330978,-0.0010285739141306914,0.3364913942842379,0.0,0.0,0.0,0.999999999994749,1.377504549661827e-07,3.237797461656147e-06,-1.3775045496546068e-07,0.9999999999999906,-4.4600807343148995e-13,-3.237797461656178e-06,-5.048709793414476e-29,0.9999999999947585
5.003999999999671,188,3,-1,-0.056528821295017254,0.02075059116147042,0.2464319401702496,0.402470321285022,0.002184810202050144,-0.4024643911200715,0.0,0.0,0.0,1.0,1.8915127475294468e-10,6.120375975269619e-11,-1.8915127475294468e-10,1.0,-1.1576769176895455e-20,-6.120375975269619e-11,0.0,1.0
5.003999999999671,189,3,-1,-0.0565506477690362,0.05885404185394967,0.18230875024588059,0.6939771618824582,-0.03272236120035589,0.23070982825025782,0.0,0.0,0.0,0.9999997392233007,1.1207308551658249e-07,-0.0007221864842677575,-1.120730562905339e-07,0.9999999999999939,8.093766761026096e-11,0.0007221864842677622,1.2924697071141057e-26,0.9999997392233071
5.003999999999671,190,3,-1,-0.05655078153201716,0.04102620392288804,0.18230875014231657,1.4119234218182233,-0.04980587268203016,0.5980056256195104,0.0,0.0,0.0,0.9999997442610611,2.6219618637345253e-06,-0.0007151719637277502,-2.6219611932057932e-06,0.9999999999965627,1.875153614912738e-09,0.0007151719637302085,0.0,0.9999997442644986
5.003999999999671,191,3,-1,-0.05654999499130618,0.04104330849034153,0.18502235184223276,1.7009824223386933,-0.05689579059544623,0.0859626414600224,0.0,0.0,0.0,1.0,1.8991747394259424e-10,-1.700380280197025e-11,-1.8991747394259424e-10,1.0,3.229319275568196e-21,1.700380280197025e-11,0.0,1.0
5.003999999999671,192,3,-1,-0.05654999500775642,0.041043874870487336,0.18502194015479095,1.7017125219769638,-0.0467502724445259,0.04137547930922983,0.0,0.0,0.0,1.0,-7.926768077692196e-11,4.601026265915975e-11,7.926768077692196e-11,1.0,3.647126812928608e-21,-4.601026265915975e-11,0.0,1.0
5.003999999999671,193,3,-1,-0.056542905786496865,0.04516847086425946,0.20545857038074347,1.160119206601929,-0.039216504181709244,0.4010696386582598,0.0,0.0,0.0,0.9999999999979765,-1.6738681254100386e-06,-1.1159439901752447e-06,1.6738681254089967e-06,0.9999999999985992,-1.8679430748998526e-12,1.115943990176808e-06,4.0389678347315804e-28,0.9999999999993776
5.003999999999671,194,3,-1,-0.05654292687884841,0.04112691854735572,0.2054642719965907,1.2655800123438434,-0.031685338487164864,-0.08790467864808864,0.0,0.0,0.0,0.9999999999991326,-1.090427265296873e-10,1.3171623229406642e-06,1.0904272652959272e-10,1.0,1.4362697097562652e-16,-1.3171623229406642e-06,0.0,0.9999999999991326
5.003999999999671,195,3,-1,-0.05653586668306605,0.046679249360447365,0.22590209998704763,0.7306068921458717,-0.02262565533388882,0.3956917726738478,0.0,0.0,0.0,0.9999999999997049,-7.684400163450041e-07,-5.3998936478840466e-11,7.684400163450042e-07,0.9999999999997048,-4.1494943630425254e-17,5.399893647885641e-11,0.0,1.0000000000000002
5.003999999999671,196,3,-1,-0.056535889263311614,0.041205629217937675,0.2259193331258365,0.8319415645437334,-0.01667687529878205,-0.2821672315246584,0.0,0.0,0.0,1.0,-7.552425350162638e-11,-2.3394718256396052e-11,7.552425350162638e-11,1.0,-1.7668686321951824e-21,2.3394718256396052e-11,0.0,1.0
5.003999999999671,197,3,-1,-0.05652883832288967,0.04675752697706091,0.2463505540824686,0.3480736538402922,-0.0065526238916038945,0.17414039141585053,0.0,0.0,0.0,0.9999999999999897,1.310292903899076e-07,6.00331641009828e-08,-1.310292903899074e-07,0.9999999999999915,-7.866102892012719e-15,-6.003316410098331e-08,0.0,0.9999999999999983
5.003999999999671,198,3,-1,-0.05652883628902047,0.04128543215655424,0.24636724640360003,0.4103388040445427,-0.0013285941670309574,-0.41033665317912427,0.0,0.0,0.0,1.0,4.1060624836499516e-11,3.01742950721558e-09,-4.1060624836499516e-11,1.0,-1.2389754096636252e-19,-3.01742950721558e-09,0.0,1.0
5.003999999999671,199,3,-1,-0.05655029157892504,0.08135561648675022,0.1823087495996472,0.6759088821982325,-0.04435355083827097,0.13359218453929697,0.0,0.0,0.0,0.9999997491371038,-3.6715216726468174e-06,-0.0007083164897719352,3.6715207516230037e-06,0.9999999999932601,-2.6005993433083062e-09,0.0007083164897767094,0.0,0.9999997491438439
5.003999999999671,200,3,-1,-0.056550473916792035,0.06154893765935533,0.1823087494941622,1.3941442132201582,-0.07436793926108827,0.5245846018633639,0.0,0.0,0.0,0.9999997549948121,2.0594759691196628e-06,-0.0007000043387411194,-2.059475464541734e-06,0.9999999999978795,1.4416421139198932e-09,0.000700004338742604,0.0,0.9999997549969329
5.003999999999671,201,3,-1,-0.056549708670969805,0.061559204996669864,0.18496328012390548,1.6799889555131833,-0.08289858841015164,-0.010361823348854377,0.0,0.0,0.0,0.9999999999999997,2.4829311579979655e-08,3.6565377929843197e-09,-2.482931157997966e-08,0.9999999999999998,-9.078931616597886e-17,-3.656537792984321e-09,0.0,1.0
5.003999999999671,202,3,-1,-0.05654970861658363,0.06155927320250303,0.18496356555070215,1.6807999669819076,-0.07109611293669912,-0.05691758296894073,0.0,0.0,0.0,0.9999999999999997,2.5307526275524272e-08,3.842505312322646e-09,-2.5307526275524272e-08,0.9999999999999998,-9.7244304155447e-17,-3.842505312322647e-09,1.232595164407831e-32,1.0
5.003999999999671,203,3,-1,-0.05654272450022797,0.0652169686004748,0.20539786656995274,1.1620689710880043,-0.05784283139806711,0.2303554662419212,0.0,0.0,0.0,0.9999999999986166,-1.6633599883386852e-06,8.779808453363478e-09,1.6633599883386854e-06,0.9999999999986168,1.460398208662277e-14,-8.779808453375624e-09,0.0,1.0
5.003999999999671,204,3,-1,-0.05654275761454221,0.06165198230400889,0.2054088934971767,1.252161160221937,-0.04924591880483561,-0.20809765754298604,0.0,0.0,0.0,1.0,-1.0317684867229495e-10,-2.029708498471376e-11,1.0317684867229495e-10,1.0,-2.0941892659565217e-21,2.029708498471376e-11,0.0,1.0
5.003999999999671,205,3,-1,-0.056535788602992194,0.0652951506163427,0.22584540705725553,0.7647778686228783,-0.03497486931567559,0.042721222021473194,0.0,0.0,0.0,0.9999999999997129,-7.576942140927353e-07,1.3025239774622704e-08,7.576942140927353e-07,0.999999999999713,9.86914881440502e-15,-1.3025239774626443e-08,0.0,1.0
5.003999999999671,206,3,-1,-0.056535804544291884,0.06173625148561591,0.2258559791526299,0.8249202337583695,-0.02748843545110701,-0.3999323614814452,0.0,0.0,0.0,1.0,1.852565960843705e-10,-1.4329239476139153e-10,-1.852565960843705e-10,1.0,2.6545861298273276e-20,1.4329239476139153e-10,0.0,1.0
5.003999999999671,207,3,-1,-0.056528842912057564,0.06537332314870765,0.246289474251226,0.3681176358512534,-0.012161982690836664,-0.1728341671312683,0.0,0.0,0.0,0.9999999999999819,-3.350128345897519e-08,1.881886111268893e-07,3.35012834589746e-08,0.9999999999999996,6.304560005112775e-15,-1.8818861112688944e-07,0.0,0.9999999999999826
5.003999999999671,208,3,-1,-0.056528850572362406,0.061821288723710774,0.24630253237367095,0.4194750421564525,-0.0038872896049250887,-0.41945702994667405,0.0,0.0,0.0,0.9999999999998782,4.108360992841035e-07,2.739187477828182e-07,-4.1083609928408816e-07,0.9999999999999156,-1.1253570985988869e-13,-2.7391874778284126e-07,0.0,0.9999999999999626
5.003999999999671,209,3,-1,-0.056549953350958554,0.09999979236182072,0.1823089591485842,0.6727826291584078,-0.05729499658612503,0.16731174362612353,0.0,0.0,0.0,0.9999376492526061,0.007493405219246316,-0.008279280487609654,-0.007493148377127163,0.9999719240449805,6.204174549871433e-05,0.008279512942842621,0.0,0.9999657242453012
5.003999999999671,210,3,-1,-0.05655016724382654,0.08207174818198382,0.18230874889564486,1.3770981081028708,-0.09891897292945981,0.4625950302456894,0.0,0.0,0.0,0.9999997645242023,1.6438059446038532e-06,-0.0006862571225997859,-1.643805557529558e-06,0.9999999999986491,1.1280735376577877e-09,0.0006862571226007131,-2.0679515313825692e-25,0.9999997645255534
5.003999999999671,211,3,-1,-0.056549424576245365,0.08208234835353594,0.18490273768912024,1.659927970001172,-0.10891230793967638,-0.09074896600010439,0.0,0.0,0.0,0.9999999999999999,1.9461308939366844e-08,2.8512344313749404e-09,-1.9461308939366844e-08,0.9999999999999999,-5.548875412754768e-17,-2.8512344313749412e-09,6.162975822039155e-33,1.0000000000000002
5.003999999999671,212,3,-1,-0.05654942452410188,0.0820823544075277,0.18490301887842436,1.6607641824826964,-0.09544936868261301,-0.13971944191589497,0.0,0.0,0.0,0.9999999999999998,1.9868046237319138e-08,3.0059543876099707e-09,-1.9868046237319138e-08,0.9999999999999998,-5.972244076030724e-17,-3.005954387609971e-09,0.0,1.0
5.003999999999671,213,3,-1,-0.05654257092793206,0.08217065899349607,0.20534893178405828,1.2380271117268042,-0.07861517337021615,-0.2622770097839473,0.0,0.0,0.0,0.9999999999999999,2.3496637070675018e-08,2.734548905008382e-09,-2.3496637070675025e-08,0.9999999999999999,-6.425270317299376e-17,-2.7345489050083833e-09,0.0,1.0000000000000002
5.003999999999671,214,3,-1,-0.05654257295160599,0.08217797291188665,0.20534673363451386,1.2387384131098143,-0.06681980176698993,-0.30859474284715444,0.0,0.0,0.0,1.0,1.1196538668635884e-10,1.155428173341425e-08,-1.1196538668635884e-10,1.0,-1.293679622164859e-18,-1.155428173341425e-08,0.0,1.0
5.003999999999671,215,3,-1,-0.056535712361288896,0.08391591749306543,0.2257899008517456,0.7953327835647829,-0.047937352859378835,-0.29770208037106277,0.0,0.0,0.0,0.9999999999997108,-7.606699694206844e-07,3.91701914579564e-09,7.606699694206845e-07,0.9999999999997107,2.9795588338534672e-15,-3.9170191457967735e-09,0.0,1.0
5.003999999999671,216,3,-1,-0.056535719649388146,0.08226675510182518,0.2257923369417858,0.8183692036822867,-0.03830891353862037,-0.50240291785934,0.0,0.0,0.0,1.0,3.810873873515053e-11,8.333454192056836e-09,-3.810873873515053e-11,1.0,-3.1757742856643893e-19,-8.333454192056836e-09,0.0,1.0
5.003999999999671,217,3,-1,-0.056528866929752716,0.08399709721927409,0.24623629705468048,0.3989326532579414,-0.014100020868060784,-0.398683397255192,0.0,0.0,0.0,0.9999999999999898,1.4349462580113995e-07,1.1758160928734219e-09,-1.4349462580114e-07,0.9999999999999899,-1.6872329025783185e-16,-1.1758160928734343e-09,-2.465190328815662e-32,1.0000000000000002
5.003999999999671,218,3,-1,-0.056528857974410915,0.08234881282719322,0.24623451933496548,0.4279109502832063,-0.005883908003723819,-0.42787049559286083,0.0,0.0,0.0,0.9999999999996838,6.629418735617722e-07,4.391440035273517e-07,-6.629418735617082e-07,0.9999999999997803,-2.9112694846190405e-13,-4.391440035274482e-07,5.048709793414476e-29,0.9999999999999036
